tcId,nTransfers,duration,cost,walkDistance,startTime,endTime,agencies,modes,routes,stops,details
1,0,2h4m,8040,0,08:20:00,10:24:00,Vy Buss,COACH,VY1,RB:NSR:Quay:11991,Notodden skysstasjon(NSR:Quay:36202) ~ COACH VY1 8:20 10:24
1,0,1h50m,7200,0,09:25:00,11:15:00,N-W,COACH,NW180,RB:NSR:Quay:11987,Notodden skysstasjon(NSR:Quay:99952) ~ COACH NW180 9:25 11:15
1,0,2h4m,8040,0,09:20:00,11:24:00,Vy Buss,COACH,VY1,RB:NSR:Quay:11991,Notodden skysstasjon(NSR:Quay:36202) ~ COACH VY1 9:20 11:24
2,1,3h2m,12670,194,11:54:00,14:56:00,Vy,RAIL,F4|L1,RB:NSR:Quay:697|RB:NSR:Quay:696|RB:NSR:Quay:945,Gol stasjon(NSR:Quay:530) ~ RAIL F4 11:54 14:42 ~ Asker stasjon(NSR:Quay:697) ~ Walk 2m44s ~ Asker stasjon(NSR:Quay:696) ~ RAIL L1 14:48 14:56
3,1,30m33s,3823,232,15:00:00,15:30:33,RUT,BUS,250|37,RB:NSR:Quay:7373|RB:NSR:Quay:7349|RB:NSR:Quay:104029|RB:NSR:Quay:11960,IKEA Slependen(NSR:Quay:7944) ~ BUS 250 15:00 15:16 ~ Nationaltheatret(NSR:Quay:7373) ~ Walk 1m39s ~ Nationaltheatret(NSR:Quay:7349) ~ BUS 37 15:20 15:29 ~ Oslo bussterminal(NSR:Quay:104029) ~ Walk 1m33s
3,1,30m33s,3823,232,15:05:00,15:35:33,RUT,BUS,250|37,RB:NSR:Quay:7373|RB:NSR:Quay:7349|RB:NSR:Quay:104029|RB:NSR:Quay:11960,IKEA Slependen(NSR:Quay:7944) ~ BUS 250 15:05 15:21 ~ Nationaltheatret(NSR:Quay:7373) ~ Walk 1m39s ~ Nationaltheatret(NSR:Quay:7349) ~ BUS 37 15:25 15:34 ~ Oslo bussterminal(NSR:Quay:104029) ~ Walk 1m33s
3,1,30m33s,3823,232,15:10:00,15:40:33,RUT,BUS,250|37,RB:NSR:Quay:7373|RB:NSR:Quay:7349|RB:NSR:Quay:104029|RB:NSR:Quay:11960,IKEA Slependen(NSR:Quay:7944) ~ BUS 250 15:10 15:26 ~ Nationaltheatret(NSR:Quay:7373) ~ Walk 1m39s ~ Nationaltheatret(NSR:Quay:7349) ~ BUS 37 15:30 15:39 ~ Oslo bussterminal(NSR:Quay:104029) ~ Walk 1m33s
3,1,30m33s,3823,232,15:15:00,15:45:33,RUT,BUS,250|37,RB:NSR:Quay:7373|RB:NSR:Quay:7349|RB:NSR:Quay:104029|RB:NSR:Quay:11960,IKEA Slependen(NSR:Quay:7944) ~ BUS 250 15:15 15:31 ~ Nationaltheatret(NSR:Quay:7373) ~ Walk 1m39s ~ Nationaltheatret(NSR:Quay:7349) ~ BUS 37 15:35 15:44 ~ Oslo bussterminal(NSR:Quay:104029) ~ Walk 1m33s
3,1,30m33s,3823,232,15:20:00,15:50:33,RUT,BUS,250|37,RB:NSR:Quay:7373|RB:NSR:Quay:7349|RB:NSR:Quay:104029|RB:NSR:Quay:11960,IKEA Slependen(NSR:Quay:7944) ~ BUS 250 15:20 15:36 ~ Nationaltheatret(NSR:Quay:7373) ~ Walk 1m39s ~ Nationaltheatret(NSR:Quay:7349) ~ BUS 37 15:40 15:49 ~ Oslo bussterminal(NSR:Quay:104029) ~ Walk 1m33s
3,1,30m33s,3823,232,15:25:00,15:55:33,RUT,BUS,250|37,RB:NSR:Quay:7373|RB:NSR:Quay:7349|RB:NSR:Quay:104029|RB:NSR:Quay:11960,IKEA Slependen(NSR:Quay:7944) ~ BUS 250 15:25 15:41 ~ Nationaltheatret(NSR:Quay:7373) ~ Walk 1m39s ~ Nationaltheatret(NSR:Quay:7349) ~ BUS 37 15:45 15:54 ~ Oslo bussterminal(NSR:Quay:104029) ~ Walk 1m33s
3,1,30m33s,3823,232,15:30:00,16:00:33,RUT,BUS,250|37,RB:NSR:Quay:7373|RB:NSR:Quay:7349|RB:NSR:Quay:104029|RB:NSR:Quay:11960,IKEA Slependen(NSR:Quay:7944) ~ BUS 250 15:30 15:46 ~ Nationaltheatret(NSR:Quay:7373) ~ Walk 1m39s ~ Nationaltheatret(NSR:Quay:7349) ~ BUS 37 15:50 15:59 ~ Oslo bussterminal(NSR:Quay:104029) ~ Walk 1m33s
3,1,30m33s,3823,232,15:35:00,16:05:33,RUT,BUS,250|37,RB:NSR:Quay:7373|RB:NSR:Quay:7349|RB:NSR:Quay:104029|RB:NSR:Quay:11960,IKEA Slependen(NSR:Quay:7944) ~ BUS 250 15:35 15:51 ~ Nationaltheatret(NSR:Quay:7373) ~ Walk 1m39s ~ Nationaltheatret(NSR:Quay:7349) ~ BUS 37 15:55 16:04 ~ Oslo bussterminal(NSR:Quay:104029) ~ Walk 1m33s
3,1,30m33s,3823,232,15:40:00,16:10:33,RUT,BUS,250|37,RB:NSR:Quay:7373|RB:NSR:Quay:7349|RB:NSR:Quay:104029|RB:NSR:Quay:11960,IKEA Slependen(NSR:Quay:7944) ~ BUS 250 15:40 15:56 ~ Nationaltheatret(NSR:Quay:7373) ~ Walk 1m39s ~ Nationaltheatret(NSR:Quay:7349) ~ BUS 37 16:00 16:09 ~ Oslo bussterminal(NSR:Quay:104029) ~ Walk 1m33s
3,1,30m33s,3823,232,15:45:00,16:15:33,RUT,BUS,250|37,RB:NSR:Quay:7373|RB:NSR:Quay:7349|RB:NSR:Quay:104029|RB:NSR:Quay:11960,IKEA Slependen(NSR:Quay:7944) ~ BUS 250 15:45 16:01 ~ Nationaltheatret(NSR:Quay:7373) ~ Walk 1m39s ~ Nationaltheatret(NSR:Quay:7349) ~ BUS 37 16:05 16:14 ~ Oslo bussterminal(NSR:Quay:104029) ~ Walk 1m33s
3,1,30m33s,3823,232,15:50:00,16:20:33,RUT,BUS,250|37,RB:NSR:Quay:7373|RB:NSR:Quay:7349|RB:NSR:Quay:104029|RB:NSR:Quay:11960,IKEA Slependen(NSR:Quay:7944) ~ BUS 250 15:50 16:06 ~ Nationaltheatret(NSR:Quay:7373) ~ Walk 1m39s ~ Nationaltheatret(NSR:Quay:7349) ~ BUS 37 16:10 16:19 ~ Oslo bussterminal(NSR:Quay:104029) ~ Walk 1m33s
3,1,30m33s,3823,232,15:55:00,16:25:33,RUT,BUS,250|37,RB:NSR:Quay:7373|RB:NSR:Quay:7349|RB:NSR:Quay:104029|RB:NSR:Quay:11960,IKEA Slependen(NSR:Quay:7944) ~ BUS 250 15:55 16:11 ~ Nationaltheatret(NSR:Quay:7373) ~ Walk 1m39s ~ Nationaltheatret(NSR:Quay:7349) ~ BUS 37 16:15 16:24 ~ Oslo bussterminal(NSR:Quay:104029) ~ Walk 1m33s
3,1,30m33s,3823,232,16:00:00,16:30:33,RUT,BUS,250|37,RB:NSR:Quay:7373|RB:NSR:Quay:7349|RB:NSR:Quay:104029|RB:NSR:Quay:11960,IKEA Slependen(NSR:Quay:7944) ~ BUS 250 16:00 16:16 ~ Nationaltheatret(NSR:Quay:7373) ~ Walk 1m39s ~ Nationaltheatret(NSR:Quay:7349) ~ BUS 37 16:20 16:29 ~ Oslo bussterminal(NSR:Quay:104029) ~ Walk 1m33s
3,1,30m33s,3823,232,16:05:00,16:35:33,RUT,BUS,250|37,RB:NSR:Quay:7373|RB:NSR:Quay:7349|RB:NSR:Quay:104029|RB:NSR:Quay:11960,IKEA Slependen(NSR:Quay:7944) ~ BUS 250 16:05 16:21 ~ Nationaltheatret(NSR:Quay:7373) ~ Walk 1m39s ~ Nationaltheatret(NSR:Quay:7349) ~ BUS 37 16:25 16:34 ~ Oslo bussterminal(NSR:Quay:104029) ~ Walk 1m33s
3,1,30m33s,3823,232,16:10:00,16:40:33,RUT,BUS,250|37,RB:NSR:Quay:7373|RB:NSR:Quay:7349|RB:NSR:Quay:104029|RB:NSR:Quay:11960,IKEA Slependen(NSR:Quay:7944) ~ BUS 250 16:10 16:26 ~ Nationaltheatret(NSR:Quay:7373) ~ Walk 1m39s ~ Nationaltheatret(NSR:Quay:7349) ~ BUS 37 16:30 16:39 ~ Oslo bussterminal(NSR:Quay:104029) ~ Walk 1m33s
3,1,30m33s,3823,232,16:15:00,16:45:33,RUT,BUS,250|37,RB:NSR:Quay:7373|RB:NSR:Quay:7349|RB:NSR:Quay:104029|RB:NSR:Quay:11960,IKEA Slependen(NSR:Quay:7944) ~ BUS 250 16:15 16:31 ~ Nationaltheatret(NSR:Quay:7373) ~ Walk 1m39s ~ Nationaltheatret(NSR:Quay:7349) ~ BUS 37 16:35 16:44 ~ Oslo bussterminal(NSR:Quay:104029) ~ Walk 1m33s
3,1,30m33s,3823,232,16:20:00,16:50:33,RUT,BUS,250|37,RB:NSR:Quay:7373|RB:NSR:Quay:7349|RB:NSR:Quay:104029|RB:NSR:Quay:11960,IKEA Slependen(NSR:Quay:7944) ~ BUS 250 16:20 16:36 ~ Nationaltheatret(NSR:Quay:7373) ~ Walk 1m39s ~ Nationaltheatret(NSR:Quay:7349) ~ BUS 37 16:40 16:49 ~ Oslo bussterminal(NSR:Quay:104029) ~ Walk 1m33s
3,1,30m33s,3823,232,16:25:00,16:55:33,RUT,BUS,250|37,RB:NSR:Quay:7373|RB:NSR:Quay:7349|RB:NSR:Quay:104029|RB:NSR:Quay:11960,IKEA Slependen(NSR:Quay:7944) ~ BUS 250 16:25 16:41 ~ Nationaltheatret(NSR:Quay:7373) ~ Walk 1m39s ~ Nationaltheatret(NSR:Quay:7349) ~ BUS 37 16:45 16:54 ~ Oslo bussterminal(NSR:Quay:104029) ~ Walk 1m33s
4,3,3h30m,16520,456,16:30:00,20:00:00,Vy|Vy Buss|ØstKol,BUS|COACH|RAIL,305|RE20|4|VY6,RB:NSR:Quay:4462|RB:NSR:Quay:316|RB:NSR:Quay:392|RB:NSR:Quay:4015|RB:NSR:Quay:2850|RB:NSR:Quay:2845|RB:NSR:Quay:3168,Sponvika(NSR:Quay:5298) ~ BUS 305 16:30 17:05 ~ Halden bussterminal(NSR:Quay:4462) ~ Walk 2m37s ~ Halden stasjon(NSR:Quay:316) ~ RAIL RE20 18:14 18:45 ~ Fredrikstad stasjon(NSR:Quay:392) ~ Walk 1m21s ~ Fredrikstad stasjon(NSR:Quay:4015) ~ BUS 4 19:10 19:15 ~ Fredrikstad bussterminal(NSR:Quay:2850) ~ Walk 2m25s ~ Fredrikstad bussterminal(NSR:Quay:2845) ~ COACH VY6 19:25 20:00
4,2,3h30m,18563,1262,16:30:00,20:00:00,Vy|Vy Buss|ØstKol,BUS|COACH|RAIL,305|RE20|VY6,RB:NSR:Quay:4462|RB:NSR:Quay:316|RB:NSR:Quay:392|RB:NSR:Quay:2845|RB:NSR:Quay:3168,Sponvika(NSR:Quay:5298) ~ BUS 305 16:30 17:05 ~ Halden bussterminal(NSR:Quay:4462) ~ Walk 2m37s ~ Halden stasjon(NSR:Quay:316) ~ RAIL RE20 18:14 18:45 ~ Fredrikstad stasjon(NSR:Quay:392) ~ Walk 14m22s ~ Fredrikstad bussterminal(NSR:Quay:2845) ~ COACH VY6 19:25 20:00
5,1,1h12m,5670,0,13:10:00,14:22:00,ØstKol,BUS,418|401,RB:NSR:Quay:3902|RB:NSR:Quay:1620,Ørje busstorg(NSR:Quay:1439) ~ BUS 418 13:10 13:40 ~ Mysen stasjon(NSR:Quay:3902) ~ BUS 401 14:00 14:22
7,2,1h1m,7671,530,17:02:00,18:03:00,RUT,BUS|SUBWAY,81|5|56,RB:NSR:Quay:7159|RB:NSR:Quay:7183|RB:NSR:Quay:11115|RB:NSR:Quay:104047|RB:NSR:Quay:12232,Prinsdal(NSR:Quay:12463) ~ BUS 81 17:02 17:26 ~ Jernbanetorget(NSR:Quay:7159) ~ Walk 7m26s ~ Jernbanetorget(NSR:Quay:7183) ~ SUBWAY 5 17:36 17:46 ~ Storo(NSR:Quay:11115) ~ Walk 1m57s ~ Storo(NSR:Quay:104047) ~ BUS 56 17:50 18:03
7,2,1h6m,6896,207,17:12:00,18:18:00,RUT,BUS|SUBWAY,81|5|56,RB:NSR:Quay:7350|RB:NSR:Quay:7333|RB:NSR:Quay:11115|RB:NSR:Quay:104047|RB:NSR:Quay:12232,Prinsdal(NSR:Quay:12463) ~ BUS 81 17:12 17:41 ~ Nationaltheatret(NSR:Quay:7350) ~ Walk 1m45s ~ Nationaltheatret(NSR:Quay:7333) ~ SUBWAY 5 17:48 18:01 ~ Storo(NSR:Quay:11115) ~ Walk 1m57s ~ Storo(NSR:Quay:104047) ~ BUS 56 18:05 18:18
7,2,1h16m,7158,167,17:02:00,18:18:00,RUT,BUS|TRAM,81|15|56,RB:NSR:Quay:101778|RB:NSR:Quay:7246|RB:NSR:Quay:11124|RB:NSR:Quay:104047|RB:NSR:Quay:12232,Prinsdal(NSR:Quay:12463) ~ BUS 81 17:02 17:27 ~ Kvadraturen(NSR:Quay:101778) ~ Walk 2m27s ~ Dronningens gate(NSR:Quay:7246) ~ TRAM 15 17:40 17:59 ~ Storo(NSR:Quay:11124) ~ Walk 8s ~ Storo(NSR:Quay:104047) ~ BUS 56 18:05 18:18
7,2,1h11m,6858,167,17:22:00,18:33:00,RUT,BUS|TRAM,81|12|56,RB:NSR:Quay:101778|RB:NSR:Quay:7246|RB:NSR:Quay:11124|RB:NSR:Quay:104047|RB:NSR:Quay:12232,Prinsdal(NSR:Quay:12463) ~ BUS 81 17:22 17:47 ~ Kvadraturen(NSR:Quay:101778) ~ Walk 2m27s ~ Dronningens gate(NSR:Quay:7246) ~ TRAM 12 17:56 18:15 ~ Storo(NSR:Quay:11124) ~ Walk 8s ~ Storo(NSR:Quay:104047) ~ BUS 56 18:20 18:33
7,2,1h1m,7671,530,17:32:00,18:33:00,RUT,BUS|SUBWAY,81|5|56,RB:NSR:Quay:7159|RB:NSR:Quay:7183|RB:NSR:Quay:11115|RB:NSR:Quay:104047|RB:NSR:Quay:12232,Prinsdal(NSR:Quay:12463) ~ BUS 81 17:32 17:56 ~ Jernbanetorget(NSR:Quay:7159) ~ Walk 7m26s ~ Jernbanetorget(NSR:Quay:7183) ~ SUBWAY 5 18:06 18:16 ~ Storo(NSR:Quay:11115) ~ Walk 1m57s ~ Storo(NSR:Quay:104047) ~ BUS 56 18:20 18:33
7,2,1h6m,6896,207,17:42:00,18:48:00,RUT,BUS|SUBWAY,81|5|56,RB:NSR:Quay:7350|RB:NSR:Quay:7333|RB:NSR:Quay:11115|RB:NSR:Quay:104047|RB:NSR:Quay:12232,Prinsdal(NSR:Quay:12463) ~ BUS 81 17:42 18:11 ~ Nationaltheatret(NSR:Quay:7350) ~ Walk 1m45s ~ Nationaltheatret(NSR:Quay:7333) ~ SUBWAY 5 18:18 18:31 ~ Storo(NSR:Quay:11115) ~ Walk 1m57s ~ Storo(NSR:Quay:104047) ~ BUS 56 18:35 18:48
7,2,1h16m,7158,167,17:32:00,18:48:00,RUT,BUS|TRAM,81|15|56,RB:NSR:Quay:101778|RB:NSR:Quay:7246|RB:NSR:Quay:11124|RB:NSR:Quay:104047|RB:NSR:Quay:12232,Prinsdal(NSR:Quay:12463) ~ BUS 81 17:32 17:57 ~ Kvadraturen(NSR:Quay:101778) ~ Walk 2m27s ~ Dronningens gate(NSR:Quay:7246) ~ TRAM 15 18:10 18:29 ~ Storo(NSR:Quay:11124) ~ Walk 8s ~ Storo(NSR:Quay:104047) ~ BUS 56 18:35 18:48
7,2,1h11m,6950,168,18:07:00,19:18:00,RUT,BUS|TRAM,81|12|56,RB:NSR:Quay:7159|RB:NSR:Quay:7246|RB:NSR:Quay:11124|RB:NSR:Quay:104047|RB:NSR:Quay:12232,Prinsdal(NSR:Quay:12463) ~ BUS 81 18:07 18:31 ~ Jernbanetorget(NSR:Quay:7159) ~ Walk 2m49s ~ Dronningens gate(NSR:Quay:7246) ~ TRAM 12 18:36 18:55 ~ Storo(NSR:Quay:11124) ~ Walk 8s ~ Storo(NSR:Quay:104047) ~ BUS 56 19:05 19:18
7,2,1h11m,6950,168,18:37:00,19:48:00,RUT,BUS|TRAM,81|12|56,RB:NSR:Quay:7159|RB:NSR:Quay:7246|RB:NSR:Quay:11124|RB:NSR:Quay:104047|RB:NSR:Quay:12232,Prinsdal(NSR:Quay:12463) ~ BUS 81 18:37 19:01 ~ Jernbanetorget(NSR:Quay:7159) ~ Walk 2m49s ~ Dronningens gate(NSR:Quay:7246) ~ TRAM 12 19:06 19:25 ~ Storo(NSR:Quay:11124) ~ Walk 8s ~ Storo(NSR:Quay:104047) ~ BUS 56 19:35 19:48
9,1,24m19s,5543,854,15:08:43,15:33:02,Innlandstrafikk,BUS,B4|600,RB:NSR:Quay:24136|RB:NSR:Quay:24365|RB:NSR:Quay:24377|RB:NSR:Quay:24454|RB:NSR:Quay:24714,Steinvegen(NSR:Quay:24320) ~ Walk 7m17s ~ Smestadmoen(NSR:Quay:24136) ~ BUS B4 15:16 15:22 ~ Lillehammer skysstasjon(NSR:Quay:24365) ~ Walk 19s ~ Lillehammer skysstasjon(NSR:Quay:24377) ~ BUS 600 15:25 15:29 ~ Åretta ungdomsskole Hamarvegen(NSR:Quay:24454) ~ Walk 4m2s
9,1,29m23s,4466,476,15:14:39,15:44:02,Innlandstrafikk,BUS,B2|602,RB:NSR:Quay:24192|RB:NSR:Quay:24365|RB:NSR:Quay:24377|RB:NSR:Quay:24454|RB:NSR:Quay:24714,Steinvegen(NSR:Quay:24320) ~ Walk 2m21s ~ Smestad(NSR:Quay:24192) ~ BUS B2 15:17 15:26 ~ Lillehammer skysstasjon(NSR:Quay:24365) ~ Walk 19s ~ Lillehammer skysstasjon(NSR:Quay:24377) ~ BUS 602 15:35 15:40 ~ Åretta ungdomsskole Hamarvegen(NSR:Quay:24454) ~ Walk 4m2s
9,0,25m23s,3545,453,15:29:39,15:55:02,Innlandstrafikk,BUS,B2,RB:NSR:Quay:24192|RB:NSR:Quay:24454|RB:NSR:Quay:24714,Steinvegen(NSR:Quay:24320) ~ Walk 2m21s ~ Smestad(NSR:Quay:24192) ~ BUS B2 15:32 15:51 ~ Åretta ungdomsskole Hamarvegen(NSR:Quay:24454) ~ Walk 4m2s
9,1,23m23s,4106,476,15:44:39,16:08:02,Innlandstrafikk,BUS,B2|600,RB:NSR:Quay:24192|RB:NSR:Quay:24365|RB:NSR:Quay:24377|RB:NSR:Quay:24454|RB:NSR:Quay:24714,Steinvegen(NSR:Quay:24320) ~ Walk 2m21s ~ Smestad(NSR:Quay:24192) ~ BUS B2 15:47 15:56 ~ Lillehammer skysstasjon(NSR:Quay:24365) ~ Walk 19s ~ Lillehammer skysstasjon(NSR:Quay:24377) ~ BUS 600 16:00 16:04 ~ Åretta ungdomsskole Hamarvegen(NSR:Quay:24454) ~ Walk 4m2s
9,0,25m23s,3545,453,15:59:39,16:25:02,Innlandstrafikk,BUS,B2,RB:NSR:Quay:24192|RB:NSR:Quay:24454|RB:NSR:Quay:24714,Steinvegen(NSR:Quay:24320) ~ Walk 2m21s ~ Smestad(NSR:Quay:24192) ~ BUS B2 16:02 16:21 ~ Åretta ungdomsskole Hamarvegen(NSR:Quay:24454) ~ Walk 4m2s
9,1,29m23s,4466,476,16:14:39,16:44:02,Innlandstrafikk,BUS,B2|602,RB:NSR:Quay:24192|RB:NSR:Quay:24365|RB:NSR:Quay:24377|RB:NSR:Quay:24454|RB:NSR:Quay:24714,Steinvegen(NSR:Quay:24320) ~ Walk 2m21s ~ Smestad(NSR:Quay:24192) ~ BUS B2 16:17 16:26 ~ Lillehammer skysstasjon(NSR:Quay:24365) ~ Walk 19s ~ Lillehammer skysstasjon(NSR:Quay:24377) ~ BUS 602 16:35 16:40 ~ Åretta ungdomsskole Hamarvegen(NSR:Quay:24454) ~ Walk 4m2s
9,0,25m23s,3545,453,16:29:39,16:55:02,Innlandstrafikk,BUS,B2,RB:NSR:Quay:24192|RB:NSR:Quay:24454|RB:NSR:Quay:24714,Steinvegen(NSR:Quay:24320) ~ Walk 2m21s ~ Smestad(NSR:Quay:24192) ~ BUS B2 16:32 16:51 ~ Åretta ungdomsskole Hamarvegen(NSR:Quay:24454) ~ Walk 4m2s
10,2,2h16m40s,18262,2616,08:05:09,10:21:49,Brakar|Vy,BUS|RAIL,101|100|F4,RB:NSR:Quay:26293|RB:NSR:Quay:26535|RB:NSR:Quay:26534|RB:NSR:Quay:29303|RB:NSR:Quay:22|RB:NSR:Quay:258|RB:NSR:Quay:27284,Hokksund stasjon(NSR:Quay:402) ~ Walk 51s ~ Hokksund stasjon(NSR:Quay:26293) ~ BUS 101 8:06 8:09 ~ Falkbanen(NSR:Quay:26535) ~ Walk 1m2s ~ Falkbanen(NSR:Quay:26534) ~ BUS 100 8:16 8:49 ~ Drammen busstasjon(NSR:Quay:29303) ~ Walk 5m13s ~ Drammen stasjon(NSR:Quay:22) ~ RAIL F4 9:00 9:53 ~ Hønefoss stasjon(NSR:Quay:258) ~ Walk 28m49s
10,4,2h25m51s,14083,656,08:05:09,10:31:00,Brakar|N-W|Vy,BUS|COACH|RAIL,101|100|RE10|NW150|228,RB:NSR:Quay:26293|RB:NSR:Quay:26535|RB:NSR:Quay:26534|RB:NSR:Quay:29303|RB:NSR:Quay:22|RB:NSR:Quay:993|RB:NSR:Quay:7263|RB:NSR:Quay:29657|RB:NSR:Quay:27284,Hokksund stasjon(NSR:Quay:402) ~ Walk 51s ~ Hokksund stasjon(NSR:Quay:26293) ~ BUS 101 8:06 8:09 ~ Falkbanen(NSR:Quay:26535) ~ Walk 1m2s ~ Falkbanen(NSR:Quay:26534) ~ BUS 100 8:16 8:49 ~ Drammen busstasjon(NSR:Quay:29303) ~ Walk 5m13s ~ Drammen stasjon(NSR:Quay:22) ~ RAIL RE10 8:57 9:14 ~ Sandvika stasjon(NSR:Quay:993) ~ Walk 2m37s ~ Sandvika bussterminal(NSR:Quay:7263) ~ COACH NW150 9:24 10:00 ~ Ringerike sykehus E16(NSR:Quay:29657) ~ BUS 228 10:14 10:31
10,3,2h25m51s,15258,1276,08:05:09,10:31:00,Brakar|Vy,BUS|RAIL,101|100|F4|228,RB:NSR:Quay:26293|RB:NSR:Quay:26535|RB:NSR:Quay:26534|RB:NSR:Quay:29303|RB:NSR:Quay:22|RB:NSR:Quay:258|RB:NSR:Quay:29621|RB:NSR:Quay:27284,Hokksund stasjon(NSR:Quay:402) ~ Walk 51s ~ Hokksund stasjon(NSR:Quay:26293) ~ BUS 101 8:06 8:09 ~ Falkbanen(NSR:Quay:26535) ~ Walk 1m2s ~ Falkbanen(NSR:Quay:26534) ~ BUS 100 8:16 8:49 ~ Drammen busstasjon(NSR:Quay:29303) ~ Walk 5m13s ~ Drammen stasjon(NSR:Quay:22) ~ RAIL F4 9:00 9:53 ~ Hønefoss stasjon(NSR:Quay:258) ~ Walk 10m41s ~ Hønefoss sentrum(NSR:Quay:29621) ~ BUS 228 10:24 10:31
10,2,2h32m,11881,334,08:59:00,11:31:00,Brakar|Vy,BUS|RAIL,R12|200|228,RB:NSR:Quay:993|RB:NSR:Quay:7263|RB:NSR:Quay:101775|RB:NSR:Quay:29621|RB:NSR:Quay:27284,Hokksund stasjon(NSR:Quay:401) ~ RAIL R12 8:59 9:34 ~ Sandvika stasjon(NSR:Quay:993) ~ Walk 2m37s ~ Sandvika bussterminal(NSR:Quay:7263) ~ BUS 200 10:06 10:55 ~ Hønefoss sentrum(NSR:Quay:101775) ~ Walk 2m ~ Hønefoss sentrum(NSR:Quay:29621) ~ BUS 228 11:24 11:31
10,2,1h55m51s,9331,198,10:05:09,12:01:00,Brakar,BUS,101|100|228,RB:NSR:Quay:26293|RB:NSR:Quay:29505|RB:NSR:Quay:101775|RB:NSR:Quay:29621|RB:NSR:Quay:27284,Hokksund stasjon(NSR:Quay:402) ~ Walk 51s ~ Hokksund stasjon(NSR:Quay:26293) ~ BUS 101 10:06 10:26 ~ Åmot skysstasjon(NSR:Quay:29505) ~ BUS 100 10:52 11:49 ~ Hønefoss sentrum(NSR:Quay:101775) ~ Walk 2m ~ Hønefoss sentrum(NSR:Quay:29621) ~ BUS 228 11:54 12:01
10,2,2h2m,10081,334,10:59:00,13:01:00,Brakar|Vy,BUS|RAIL,R12|200|228,RB:NSR:Quay:993|RB:NSR:Quay:7263|RB:NSR:Quay:101775|RB:NSR:Quay:29621|RB:NSR:Quay:27284,Hokksund stasjon(NSR:Quay:401) ~ RAIL R12 10:59 11:34 ~ Sandvika stasjon(NSR:Quay:993) ~ Walk 2m37s ~ Sandvika bussterminal(NSR:Quay:7263) ~ BUS 200 12:06 12:50 ~ Hønefoss sentrum(NSR:Quay:101775) ~ Walk 2m ~ Hønefoss sentrum(NSR:Quay:29621) ~ BUS 228 12:54 13:01
10,1,1h8m,7749,809,12:53:00,14:01:00,Brakar|Vy,BUS|RAIL,F4|228,RB:NSR:Quay:258|RB:NSR:Quay:29621|RB:NSR:Quay:27284,Hokksund stasjon(NSR:Quay:402) ~ RAIL F4 12:53 13:37 ~ Hønefoss stasjon(NSR:Quay:258) ~ Walk 10m41s ~ Hønefoss sentrum(NSR:Quay:29621) ~ BUS 228 13:54 14:01
10,0,1h12m49s,11592,2149,12:53:00,14:05:49,Vy,RAIL,F4,RB:NSR:Quay:258|RB:NSR:Quay:27284,Hokksund stasjon(NSR:Quay:402) ~ RAIL F4 12:53 13:37 ~ Hønefoss stasjon(NSR:Quay:258) ~ Walk 28m49s
11,1,1h59m,8636,110,13:12:00,15:11:00,VKT,BUS,02|124,RB:NSR:Quay:107538|RB:NSR:Quay:107541|RB:NSR:Quay:33043,Torggata(NSR:Quay:30500) ~ BUS 02 13:12 13:55 ~ Tønsberg rutebilstasjon(NSR:Quay:107538) ~ Walk 1m36s ~ Tønsberg rutebilstasjon(NSR:Quay:107541) ~ BUS 124 14:10 15:11
11,4,1h47m,11814,539,13:42:00,15:29:00,VKT|Vy Buss,BUS|COACH,02|VY190|121|1523|124,RB:NSR:Quay:32418|RB:NSR:Quay:105317|RB:NSR:Quay:30918|RB:NSR:Quay:31850|RB:NSR:Quay:33667|RB:NSR:Quay:31531|RB:NSR:Quay:31532|RB:NSR:Quay:33043,Torggata(NSR:Quay:30495) ~ BUS 02 13:42 13:57 ~ Kopstadkrysset(NSR:Quay:32418) ~ Walk 4m18s ~ Kopstadkrysset(NSR:Quay:105317) ~ COACH VY190 14:04 14:15 ~ Tønsberg Sem E18 Aulerød(NSR:Quay:30918) ~ Walk 2m51s ~ Låhneveien Ramnesveien(NSR:Quay:31850) ~ BUS 121 14:21 14:32 ~ Berg syd Ramnes(NSR:Quay:33667) ~ BUS 1523 14:50 15:14 ~ Vivestad(NSR:Quay:31531) ~ Walk 19s ~ Vivestad(NSR:Quay:31532) ~ BUS 124 15:19 15:29
11,3,1h57m32s,11970,668,13:31:28,15:29:00,VKT,BUS,02|121|1523|124,RB:NSR:Quay:33851|RB:NSR:Quay:32140|RB:NSR:Quay:30927|RB:NSR:Quay:33667|RB:NSR:Quay:31531|RB:NSR:Quay:31532|RB:NSR:Quay:33043,Torggata(NSR:Quay:30495) ~ Walk 5m32s ~ Enggata(NSR:Quay:33851) ~ BUS 02 13:37 14:07 ~ Midtløkken(NSR:Quay:32140) ~ Walk 3m4s ~ Tønsberg stasjon(NSR:Quay:30927) ~ BUS 121 14:13 14:32 ~ Berg syd Ramnes(NSR:Quay:33667) ~ BUS 1523 14:50 15:14 ~ Vivestad(NSR:Quay:31531) ~ Walk 19s ~ Vivestad(NSR:Quay:31532) ~ BUS 124 15:19 15:29
11,3,1h52m4s,11913,670,13:42:00,15:34:04,VKT|Vy Buss,BUS|COACH,02|VY190|121|1523,RB:NSR:Quay:32418|RB:NSR:Quay:105317|RB:NSR:Quay:30918|RB:NSR:Quay:31850|RB:NSR:Quay:33667|RB:NSR:Quay:33050|RB:NSR:Quay:33043,Torggata(NSR:Quay:30495) ~ BUS 02 13:42 13:57 ~ Kopstadkrysset(NSR:Quay:32418) ~ Walk 4m18s ~ Kopstadkrysset(NSR:Quay:105317) ~ COACH VY190 14:04 14:15 ~ Tønsberg Sem E18 Aulerød(NSR:Quay:30918) ~ Walk 2m51s ~ Låhneveien Ramnesveien(NSR:Quay:31850) ~ BUS 121 14:21 14:32 ~ Berg syd Ramnes(NSR:Quay:33667) ~ BUS 1523 14:50 15:32 ~ Høyjord kirke(NSR:Quay:33050) ~ Walk 2m4s
11,2,2h2m36s,12069,799,13:31:28,15:34:04,VKT,BUS,02|121|1523,RB:NSR:Quay:33851|RB:NSR:Quay:32140|RB:NSR:Quay:30927|RB:NSR:Quay:33667|RB:NSR:Quay:33050|RB:NSR:Quay:33043,Torggata(NSR:Quay:30495) ~ Walk 5m32s ~ Enggata(NSR:Quay:33851) ~ BUS 02 13:37 14:07 ~ Midtløkken(NSR:Quay:32140) ~ Walk 3m4s ~ Tønsberg stasjon(NSR:Quay:30927) ~ BUS 121 14:13 14:32 ~ Berg syd Ramnes(NSR:Quay:33667) ~ BUS 1523 14:50 15:32 ~ Høyjord kirke(NSR:Quay:33050) ~ Walk 2m4s
11,2,2h7m,9974,157,13:42:00,15:49:00,VKT,BUS,02|01|1524,RB:NSR:Quay:107538|RB:NSR:Quay:107551|RB:NSR:Quay:31063|RB:NSR:Quay:33043,Torggata(NSR:Quay:30500) ~ BUS 02 13:42 14:25 ~ Tønsberg rutebilstasjon(NSR:Quay:107538) ~ Walk 2m12s ~ Tønsberg rutebilstasjon(NSR:Quay:107551) ~ BUS 01 14:35 14:46 ~ Sem(NSR:Quay:31063) ~ BUS 1524 15:00 15:49
11,1,2h9m33s,10432,408,13:39:27,15:49:00,VKT,BUS,01|1524,RB:NSR:Quay:105828|RB:NSR:Quay:31063|RB:NSR:Quay:33043,Torggata(NSR:Quay:30495) ~ Walk 5m33s ~ Horten rutebilstasjon(NSR:Quay:105828) ~ BUS 01 13:45 14:46 ~ Sem(NSR:Quay:31063) ~ BUS 1524 15:00 15:49
11,2,1h54m50s,10665,587,13:54:10,15:49:00,VKT,BUS,023|01|1524,RB:NSR:Quay:105825|RB:NSR:Quay:107538|RB:NSR:Quay:107551|RB:NSR:Quay:31063|RB:NSR:Quay:33043,Torggata(NSR:Quay:30495) ~ Walk 5m50s ~ Horten rutebilstasjon(NSR:Quay:105825) ~ BUS 023 14:00 14:30 ~ Tønsberg rutebilstasjon(NSR:Quay:107538) ~ Walk 2m12s ~ Tønsberg rutebilstasjon(NSR:Quay:107551) ~ BUS 01 14:35 14:46 ~ Sem(NSR:Quay:31063) ~ BUS 1524 15:00 15:49
12,0,23m,1980,0,10:06:00,10:29:00,Farte,BUS,M2,RB:NSR:Quay:34940,Meieritorvet(NSR:Quay:35385) ~ BUS M2 10:06 10:29
12,0,23m,1980,0,10:26:00,10:49:00,Farte,BUS,M2,RB:NSR:Quay:34940,Meieritorvet(NSR:Quay:35385) ~ BUS M2 10:26 10:49
12,0,23m,1980,0,10:46:00,11:09:00,Farte,BUS,M2,RB:NSR:Quay:34940,Meieritorvet(NSR:Quay:35385) ~ BUS M2 10:46 11:09
14,2,3h20m47s,27940,2568,08:30:00,11:50:47,Go-Ahead Norge AS|Kolumbus|Vy Buss,BUS|COACH|RAIL,SK1110|L5|VY190,RB:NSR:Quay:49493|RB:NSR:Quay:125|RB:NSR:Quay:1145|RB:NSR:Quay:103387|RB:NSR:Quay:48089|RB:NSR:Quay:45623,Hauge i Dalane(NSR:Quay:106207) ~ BUS SK1110 8:30 9:02 ~ Egersund stasjon(NSR:Quay:49493) ~ Walk 2m42s ~ Egersund stasjon(NSR:Quay:125) ~ RAIL L5 9:16 10:13 ~ Sandnes sentrum stasjon(NSR:Quay:1145) ~ Walk 2m52s ~ Sandnes bussterminal Ruten(NSR:Quay:103387) ~ COACH VY190 10:20 11:22 ~ Eide kryss(NSR:Quay:48089) ~ Walk 28m47s
14,2,3h38m47s,29020,2568,08:30:00,12:08:47,Go-Ahead Norge AS|Kolumbus|N-W,BUS|COACH|RAIL,SK1110|L5|NW192,RB:NSR:Quay:49493|RB:NSR:Quay:125|RB:NSR:Quay:1145|RB:NSR:Quay:103387|RB:NSR:Quay:48089|RB:NSR:Quay:45623,Hauge i Dalane(NSR:Quay:106207) ~ BUS SK1110 8:30 9:02 ~ Egersund stasjon(NSR:Quay:49493) ~ Walk 2m42s ~ Egersund stasjon(NSR:Quay:125) ~ RAIL L5 9:16 10:13 ~ Sandnes sentrum stasjon(NSR:Quay:1145) ~ Walk 2m52s ~ Sandnes bussterminal Ruten(NSR:Quay:103387) ~ COACH NW192 10:37 11:40 ~ Eide kryss(NSR:Quay:48089) ~ Walk 28m47s
14,3,5h8m,24822,963,08:30:00,13:38:00,Go-Ahead Norge AS|Kolumbus|N-W,BUS|COACH|RAIL,SK1110|L5|NW192|98,RB:NSR:Quay:49493|RB:NSR:Quay:125|RB:NSR:Quay:1145|RB:NSR:Quay:103387|RB:NSR:Quay:44941|RB:NSR:Quay:107618|RB:NSR:Quay:45623,Hauge i Dalane(NSR:Quay:106207) ~ BUS SK1110 8:30 9:02 ~ Egersund stasjon(NSR:Quay:49493) ~ Walk 2m42s ~ Egersund stasjon(NSR:Quay:125) ~ RAIL L5 9:16 10:13 ~ Sandnes sentrum stasjon(NSR:Quay:1145) ~ Walk 2m52s ~ Sandnes bussterminal Ruten(NSR:Quay:103387) ~ COACH NW192 10:37 11:35 ~ Ualand(NSR:Quay:44941) ~ Walk 7m54s ~ Ualand stasjon(NSR:Quay:107618) ~ BUS 98 13:31 13:38
14,3,5h8m,24822,963,08:30:00,13:38:00,Go-Ahead Norge AS|Kolumbus|Vy Buss,BUS|COACH|RAIL,SK1110|L5|VY190|98,RB:NSR:Quay:49493|RB:NSR:Quay:125|RB:NSR:Quay:1145|RB:NSR:Quay:103387|RB:NSR:Quay:44941|RB:NSR:Quay:107618|RB:NSR:Quay:45623,Hauge i Dalane(NSR:Quay:106207) ~ BUS SK1110 8:30 9:02 ~ Egersund stasjon(NSR:Quay:49493) ~ Walk 2m42s ~ Egersund stasjon(NSR:Quay:125) ~ RAIL L5 9:16 10:13 ~ Sandnes sentrum stasjon(NSR:Quay:1145) ~ Walk 2m52s ~ Sandnes bussterminal Ruten(NSR:Quay:103387) ~ COACH VY190 10:20 11:16 ~ Ualand(NSR:Quay:44941) ~ Walk 7m54s ~ Ualand stasjon(NSR:Quay:107618) ~ BUS 98 13:31 13:38
14,3,3h51m,17157,154,10:47:00,14:38:00,Agder Kollektivtrafikk AS|Go-Ahead Norge AS|Kolumbus,BUS|RAIL,89|260|F5|98,RB:NSR:Quay:43534|RB:NSR:Quay:43001|RB:NSR:Quay:189|RB:NSR:Quay:323|RB:NSR:Quay:46532|RB:NSR:Quay:45622,Hauge i Dalane(NSR:Quay:106207) ~ BUS 89 10:47 11:50 ~ Flekkefjord rutebilstasjon(NSR:Quay:43534) ~ BUS 260 12:55 13:15 ~ Sira stasjon(NSR:Quay:43001) ~ Walk 48s ~ Sira stasjon(NSR:Quay:189) ~ RAIL F5 13:25 13:31:01 ~ Moi stasjon(NSR:Quay:323) ~ Walk 1m27s ~ Moi stasjon(NSR:Quay:46532) ~ BUS 98 14:12 14:38
14,2,6h8m,25008,299,08:30:00,14:38:00,Go-Ahead Norge AS|Kolumbus,BUS|RAIL,SK1110|F5|98,RB:NSR:Quay:49493|RB:NSR:Quay:126|RB:NSR:Quay:323|RB:NSR:Quay:46532|RB:NSR:Quay:45622,Hauge i Dalane(NSR:Quay:106207) ~ BUS SK1110 8:30 9:02 ~ Egersund stasjon(NSR:Quay:49493) ~ Walk 2m48s ~ Egersund stasjon(NSR:Quay:126) ~ RAIL F5 9:43 10:18:01 ~ Moi stasjon(NSR:Quay:323) ~ Walk 1m27s ~ Moi stasjon(NSR:Quay:46532) ~ BUS 98 14:12 14:38
15,1,35m32s,7178,1091,16:00:00,16:35:32,SKY,BUS,19|5,RB:NSR:Quay:53230|RB:NSR:Quay:53059|RB:NSR:Quay:50083,Melkeplassen(NSR:Quay:54941) ~ BUS 19 16:00 16:09 ~ Møhlenpris(NSR:Quay:53230) ~ BUS 5 16:15 16:21 ~ Kalfarlien(NSR:Quay:53059) ~ Walk 14m32s
15,1,30m,3870,240,16:20:00,16:50:00,SKY,BUS,19|11,RB:NSR:Quay:53071|RB:NSR:Quay:53106|RB:NSR:Quay:50083,Melkeplassen(NSR:Quay:54941) ~ BUS 19 16:20 16:33 ~ Torget(NSR:Quay:53071) ~ Walk 3m30s ~ Småstrandgaten(NSR:Quay:53106) ~ BUS 11 16:39 16:50
15,1,30m,3870,240,16:50:00,17:20:00,SKY,BUS,19|11,RB:NSR:Quay:53071|RB:NSR:Quay:53106|RB:NSR:Quay:50083,Melkeplassen(NSR:Quay:54941) ~ BUS 19 16:50 17:03 ~ Torget(NSR:Quay:53071) ~ Walk 3m30s ~ Småstrandgaten(NSR:Quay:53106) ~ BUS 11 17:09 17:20
15,1,30m,3870,240,17:20:00,17:50:00,SKY,BUS,19|11,RB:NSR:Quay:53071|RB:NSR:Quay:53106|RB:NSR:Quay:50083,Melkeplassen(NSR:Quay:54941) ~ BUS 19 17:20 17:33 ~ Torget(NSR:Quay:53071) ~ Walk 3m30s ~ Småstrandgaten(NSR:Quay:53106) ~ BUS 11 17:39 17:50
16,1,1h42m,7405,26,14:33:00,16:15:00,SKY,BUS,800|810,RB:NSR:Quay:60946|RB:NSR:Quay:60953|RB:NSR:Quay:64613,Helgheim(NSR:Quay:58969) ~ BUS 800 14:33 14:35 ~ Sogndal skysstasjon(NSR:Quay:60946) ~ Walk 27s ~ Sogndal skysstasjon(NSR:Quay:60953) ~ BUS 810 14:55 16:15
16,0,1h35m21s,9131,1150,14:39:39,16:15:00,SKY,BUS,810,RB:NSR:Quay:60953|RB:NSR:Quay:64613,Helgheim(NSR:Quay:58968) ~ Walk 15m21s ~ Sogndal skysstasjon(NSR:Quay:60953) ~ BUS 810 14:55 16:15
17,0,41m6s,6065,902,08:02:00,08:43:06,FRAM,BUS,1,RB:NSR:Quay:66319|RB:NSR:Quay:69088,Slinningsodden(NSR:Quay:71006) ~ BUS 1 8:02 8:30 ~ Volsdalen skole(NSR:Quay:66319) ~ Walk 13m6s
17,1,37m,3570,0,08:35:00,09:12:00,FRAM,BUS,1|10,RB:NSR:Quay:68550|RB:NSR:Quay:69088,Slinningsodden(NSR:Quay:71006) ~ BUS 1 8:35 8:55 ~ Keiser Wilhelms gate(NSR:Quay:68550) ~ BUS 10 9:02 9:12
17,0,38m6s,5885,902,08:35:00,09:13:06,FRAM,BUS,1,RB:NSR:Quay:66319|RB:NSR:Quay:69088,Slinningsodden(NSR:Quay:71006) ~ BUS 1 8:35 9:00 ~ Volsdalen skole(NSR:Quay:66319) ~ Walk 13m6s
17,0,38m6s,5885,902,09:05:00,09:43:06,FRAM,BUS,1,RB:NSR:Quay:66319|RB:NSR:Quay:69088,Slinningsodden(NSR:Quay:71006) ~ BUS 1 9:05 9:30 ~ Volsdalen skole(NSR:Quay:66319) ~ Walk 13m6s
18,1,3h48m12s,15916,312,09:20:00,13:08:12,ATB,BUS,460|420,RB:NSR:Quay:74804|RB:NSR:Quay:74803|RB:NSR:Quay:105352|RB:NSR:Quay:75170,Meldal sentrum(NSR:Quay:72830) ~ BUS 460 9:20 10:02 ~ Orkanger skysstasjon(NSR:Quay:74804) ~ Walk 22s ~ Orkanger skysstasjon(NSR:Quay:74803) ~ BUS 420 11:42 13:04 ~ Guri Kunna vgs.(NSR:Quay:105352) ~ Walk 4m12s
18,1,2h50m12s,12436,312,14:39:00,17:29:12,ATB,BUS,460|420,RB:NSR:Quay:74804|RB:NSR:Quay:74803|RB:NSR:Quay:105352|RB:NSR:Quay:75170,Meldal sentrum(NSR:Quay:72830) ~ BUS 460 14:39 15:25 ~ Orkanger skysstasjon(NSR:Quay:74804) ~ Walk 22s ~ Orkanger skysstasjon(NSR:Quay:74803) ~ BUS 420 16:01 17:25 ~ Guri Kunna vgs.(NSR:Quay:105352) ~ Walk 4m12s
19,1,2h28m,10414,76,08:03:00,10:31:00,ATB|SJ Nord,BUS|RAIL,630|F7,RB:NSR:Quay:104286|RB:NSR:Quay:1164|RB:NSR:Quay:1107,Verrabotn(NSR:Quay:78948) ~ BUS 630 8:03 9:33 ~ Steinkjer stasjon(NSR:Quay:104286) ~ Walk 1m1s ~ Steinkjer stasjon(NSR:Quay:1164) ~ RAIL F7 9:51 10:31
20,0,26m54s,7756,2070,15:00:00,15:26:54,,,,RB:NSR:Quay:92028,Harstad kirke(NSR:Quay:102203) ~ Walk 26m54s
20,1,9m,2235,123,15:00:00,15:09:00,Svipper,BUS,11|240,RB:NSR:Quay:89318|RB:NSR:Quay:89317|RB:NSR:Quay:92029,Harstad kirke(NSR:Quay:88637) ~ BUS 11 15:00 15:02 ~ Samakrysset(NSR:Quay:89318) ~ Walk 1m43s ~ Samakrysset(NSR:Quay:89317) ~ BUS 240 15:07 15:09
20,0,12m37s,2889,580,15:04:23,15:17:00,Svipper,BUS,18,RB:NSR:Quay:89317|RB:NSR:Quay:92029,Harstad kirke(NSR:Quay:102203) ~ Walk 7m37s ~ Samakrysset(NSR:Quay:89317) ~ BUS 18 15:12 15:17
20,1,12m,2197,29,15:13:00,15:25:00,Svipper,BUS,15|280,RB:NSR:Quay:93162|RB:NSR:Quay:93161|RB:NSR:Quay:92029,Harstad kirke(NSR:Quay:88637) ~ BUS 15 15:13 15:16 ~ Sverres gate(NSR:Quay:93162) ~ Walk 30s ~ Sverres gate(NSR:Quay:93161) ~ BUS 280 15:20 15:25
20,0,10m37s,2769,580,15:14:23,15:25:00,Svipper,BUS,280,RB:NSR:Quay:89317|RB:NSR:Quay:92029,Harstad kirke(NSR:Quay:102203) ~ Walk 7m37s ~ Samakrysset(NSR:Quay:89317) ~ BUS 280 15:22 15:25
20,0,12m37s,2889,580,15:34:23,15:47:00,Svipper,BUS,18,RB:NSR:Quay:89317|RB:NSR:Quay:92029,Harstad kirke(NSR:Quay:102203) ~ Walk 7m37s ~ Samakrysset(NSR:Quay:89317) ~ BUS 18 15:42 15:47
20,1,18m,4579,564,15:43:00,16:01:00,Svipper,BUS,15|270,RB:NSR:Quay:93162|RB:NSR:Quay:93161|RB:NSR:Quay:95173|RB:NSR:Quay:92028,Harstad kirke(NSR:Quay:88637) ~ BUS 15 15:43 15:46 ~ Sverres gate(NSR:Quay:93162) ~ Walk 30s ~ Sverres gate(NSR:Quay:93161) ~ BUS 270 15:50 15:54 ~ Bergseng skole(NSR:Quay:95173) ~ Walk 7m
20,1,9m,2235,123,16:00:00,16:09:00,Svipper,BUS,11|240,RB:NSR:Quay:89318|RB:NSR:Quay:89317|RB:NSR:Quay:92029,Harstad kirke(NSR:Quay:88637) ~ BUS 11 16:00 16:02 ~ Samakrysset(NSR:Quay:89318) ~ Walk 1m43s ~ Samakrysset(NSR:Quay:89317) ~ BUS 240 16:07 16:09
20,0,9m37s,2709,580,15:59:23,16:09:00,Svipper,BUS,240,RB:NSR:Quay:89317|RB:NSR:Quay:92029,Harstad kirke(NSR:Quay:102203) ~ Walk 7m37s ~ Samakrysset(NSR:Quay:89317) ~ BUS 240 16:07 16:09
20,0,12m37s,2889,580,16:04:23,16:17:00,Svipper,BUS,18,RB:NSR:Quay:89317|RB:NSR:Quay:92029,Harstad kirke(NSR:Quay:102203) ~ Walk 7m37s ~ Samakrysset(NSR:Quay:89317) ~ BUS 18 16:12 16:17
20,0,10m37s,2769,580,16:09:23,16:20:00,Svipper,BUS,280,RB:NSR:Quay:89317|RB:NSR:Quay:92029,Harstad kirke(NSR:Quay:102203) ~ Walk 7m37s ~ Samakrysset(NSR:Quay:89317) ~ BUS 280 16:17 16:20
20,1,20m,2544,51,16:30:00,16:50:00,Svipper,BUS,11|280,RB:NSR:Quay:88618|RB:NSR:Quay:88612|RB:NSR:Quay:92029,Harstad kirke(NSR:Quay:88637) ~ BUS 11 16:30 16:38 ~ Harstad Byterminal(NSR:Quay:88618) ~ Walk 48s ~ Harstad Byterminal(NSR:Quay:88612) ~ BUS 280 16:45 16:50
20,0,10m37s,2769,580,16:39:23,16:50:00,Svipper,BUS,280,RB:NSR:Quay:89317|RB:NSR:Quay:92029,Harstad kirke(NSR:Quay:102203) ~ Walk 7m37s ~ Samakrysset(NSR:Quay:89317) ~ BUS 280 16:47 16:50
20,0,9m37s,2709,580,16:49:23,16:59:00,Svipper,BUS,240,RB:NSR:Quay:89317|RB:NSR:Quay:92029,Harstad kirke(NSR:Quay:102203) ~ Walk 7m37s ~ Samakrysset(NSR:Quay:89317) ~ BUS 240 16:57 16:59
21,0,1h39m57s,8190,396,14:25:00,16:04:57,Snelandia,BUS,140,RB:NSR:Quay:97292|RB:NSR:Quay:97289,Indre Billefjord(NSR:Quay:98459) ~ BUS 140 14:25 15:59 ~ Scandic Hotell Karasjok(NSR:Quay:97292) ~ Walk 5m57s
22,2,4h9m48s,23316,1886,11:08:12,15:18:00,RUT|SJ Nord,BUS|RAIL|SUBWAY,F6|4|23,RB:NSR:Quay:5|RB:NSR:Quay:565|RB:NSR:Quay:7183|RB:NSR:Quay:10818|RB:NSR:Quay:10822|RB:NSR:Quay:12271,Hjellum(NSR:Quay:19868) ~ Walk 18m48s ~ Otta stasjon(NSR:Quay:5) ~ RAIL F6 11:27 14:48 ~ Oslo S(NSR:Quay:565) ~ Walk 5m9s ~ Jernbanetorget(NSR:Quay:7183) ~ SUBWAY 4 14:56 15:09 ~ Ryen(NSR:Quay:10818) ~ Walk 1m48s ~ Ryen T(NSR:Quay:10822) ~ BUS 23 15:16 15:18
22,1,4h18m16s,23753,2114,11:08:12,15:26:28,RUT|SJ Nord,BUS|RAIL,F6|34,RB:NSR:Quay:5|RB:NSR:Quay:565|RB:NSR:Quay:7194|RB:NSR:Quay:12265|RB:NSR:Quay:12272,Hjellum(NSR:Quay:19868) ~ Walk 18m48s ~ Otta stasjon(NSR:Quay:5) ~ RAIL F6 11:27 14:48 ~ Oslo S(NSR:Quay:565) ~ Walk 4m22s ~ Jernbanetorget(NSR:Quay:7194) ~ BUS 34 15:03 15:21 ~ Simensbråten(NSR:Quay:12265) ~ Walk 5m28s
22,1,4h46m7s,26082,2324,11:08:12,15:54:19,SJ Nord|Vy Buss,BUS|RAIL,F6|FB11,RB:NSR:Quay:5|RB:NSR:Quay:452|RB:NSR:Quay:110515|RB:NSR:Quay:10822|RB:NSR:Quay:12271,Hjellum(NSR:Quay:19868) ~ Walk 18m48s ~ Otta stasjon(NSR:Quay:5) ~ RAIL F6 11:27 14:21 ~ Oslo lufthavn stasjon(NSR:Quay:452) ~ Walk 47s ~ Oslo lufthavn(NSR:Quay:110515) ~ BUS FB11 15:10 15:43 ~ Ryen T(NSR:Quay:10822) ~ Walk 11m19s
23,1,2h59m10s,20984,2650,06:34:53,09:34:03,Avinor|Unibuss,AIRPLANE|BUS,FB73|Bodø-Trondheim,RB:NSR:Quay:73574|RB:NSR:Quay:100211|RB:NSR:Quay:1191|RB:NSR:Quay:1180|RB:NSR:Quay:88017,Trondheim S(NSR:Quay:1078) ~ Walk 5m7s ~ Søndre gate Regionbuss(NSR:Quay:73574) ~ BUS FB73 6:40 7:20 ~ Trondheim lufthavn(NSR:Quay:100211) ~ Walk 1m45s ~ Trondheim lufthavn(NSR:Quay:1191) ~ AIRPLANE null 8:00 8:50 ~ Brønnøysund lufthavn(NSR:Quay:1180) ~ Walk 29m3s
23,1,3h19m3s,21470,2447,06:15:00,09:34:03,Avinor|SJ Nord,AIRPLANE|RAIL,R70|Bodø-Trondheim,RB:NSR:Quay:766|RB:NSR:Quay:1191|RB:NSR:Quay:1180|RB:NSR:Quay:88017,Trondheim S(NSR:Quay:1078) ~ RAIL R70 6:15 6:52 ~ Trondheim lufthavn stasjon(NSR:Quay:766) ~ Walk 3m29s ~ Trondheim lufthavn(NSR:Quay:1191) ~ AIRPLANE null 8:00 8:50 ~ Brønnøysund lufthavn(NSR:Quay:1180) ~ Walk 29m3s
23,1,3h22m57s,22778,2793,06:11:06,09:34:03,Avinor|Vy Buss,AIRPLANE|COACH,VY710|Bodø-Trondheim,RB:NSR:Quay:71422|RB:NSR:Quay:76109|RB:NSR:Quay:1191|RB:NSR:Quay:1180|RB:NSR:Quay:88017,Trondheim S(NSR:Quay:1078) ~ Walk 3m54s ~ Trondheim S(NSR:Quay:71422) ~ COACH VY710 6:15 6:44 ~ Trondheim lufthavn(NSR:Quay:76109) ~ Walk 4m44s ~ Trondheim lufthavn(NSR:Quay:1191) ~ AIRPLANE null 8:00 8:50 ~ Brønnøysund lufthavn(NSR:Quay:1180) ~ Walk 29m3s
23,1,2h59m10s,20984,2650,09:04:53,12:04:03,Avinor|Unibuss,AIRPLANE|BUS,FB73|Trondheim-Brønnøysund,RB:NSR:Quay:73574|RB:NSR:Quay:100211|RB:NSR:Quay:1191|RB:NSR:Quay:1180|RB:NSR:Quay:88017,Trondheim S(NSR:Quay:1078) ~ Walk 5m7s ~ Søndre gate Regionbuss(NSR:Quay:73574) ~ BUS FB73 9:10 9:50 ~ Trondheim lufthavn(NSR:Quay:100211) ~ Walk 1m45s ~ Trondheim lufthavn(NSR:Quay:1191) ~ AIRPLANE null 10:30 11:20 ~ Brønnøysund lufthavn(NSR:Quay:1180) ~ Walk 29m3s
23,2,3h19m7s,18867,1258,09:04:53,12:24:00,Avinor|Nordld|Unibuss,AIRPLANE|BUS,FB73|Trondheim-Brønnøysund|18-141,RB:NSR:Quay:73574|RB:NSR:Quay:100211|RB:NSR:Quay:1191|RB:NSR:Quay:1180|RB:NSR:Quay:82630|RB:NSR:Quay:88017,Trondheim S(NSR:Quay:1078) ~ Walk 5m7s ~ Søndre gate Regionbuss(NSR:Quay:73574) ~ BUS FB73 9:10 9:50 ~ Trondheim lufthavn(NSR:Quay:100211) ~ Walk 1m45s ~ Trondheim lufthavn(NSR:Quay:1191) ~ AIRPLANE null 10:30 11:20 ~ Brønnøysund lufthavn(NSR:Quay:1180) ~ Walk 10m44s ~ Brønnøysund Tautra(NSR:Quay:82630) ~ BUS 18-141 12:20 12:24
23,2,3h20m54s,19342,1401,09:03:06,12:24:00,ATB|Avinor|Nordld,AIRPLANE|BUS,311|Trondheim-Brønnøysund|18-141,RB:NSR:Quay:71422|RB:NSR:Quay:76109|RB:NSR:Quay:1191|RB:NSR:Quay:1180|RB:NSR:Quay:82630|RB:NSR:Quay:88017,Trondheim S(NSR:Quay:1078) ~ Walk 3m54s ~ Trondheim S(NSR:Quay:71422) ~ BUS 311 9:07 9:39 ~ Trondheim lufthavn(NSR:Quay:76109) ~ Walk 4m44s ~ Trondheim lufthavn(NSR:Quay:1191) ~ AIRPLANE null 10:30 11:20 ~ Brønnøysund lufthavn(NSR:Quay:1180) ~ Walk 10m44s ~ Brønnøysund Tautra(NSR:Quay:82630) ~ BUS 18-141 12:20 12:24
23,1,3h3m3s,20510,2447,15:41:00,18:44:03,Avinor|SJ Nord,AIRPLANE|RAIL,R70|Bodø-Trondheim,RB:NSR:Quay:766|RB:NSR:Quay:1191|RB:NSR:Quay:1180|RB:NSR:Quay:88017,Trondheim S(NSR:Quay:1079) ~ RAIL R70 15:41 16:22 ~ Trondheim lufthavn stasjon(NSR:Quay:766) ~ Walk 3m29s ~ Trondheim lufthavn(NSR:Quay:1191) ~ AIRPLANE null 17:10 18:00 ~ Brønnøysund lufthavn(NSR:Quay:1180) ~ Walk 29m3s
23,1,3h9m10s,21584,2650,15:34:53,18:44:03,Avinor|Unibuss,AIRPLANE|BUS,FB73|Bodø-Trondheim,RB:NSR:Quay:73574|RB:NSR:Quay:100211|RB:NSR:Quay:1191|RB:NSR:Quay:1180|RB:NSR:Quay:88017,Trondheim S(NSR:Quay:1078) ~ Walk 5m7s ~ Søndre gate Regionbuss(NSR:Quay:73574) ~ BUS FB73 15:40 16:20 ~ Trondheim lufthavn(NSR:Quay:100211) ~ Walk 1m45s ~ Trondheim lufthavn(NSR:Quay:1191) ~ AIRPLANE null 17:10 18:00 ~ Brønnøysund lufthavn(NSR:Quay:1180) ~ Walk 29m3s
23,1,3h17m57s,22478,2793,15:26:06,18:44:03,Avinor|Vy Buss,AIRPLANE|COACH,VY710|Bodø-Trondheim,RB:NSR:Quay:71422|RB:NSR:Quay:76109|RB:NSR:Quay:1191|RB:NSR:Quay:1180|RB:NSR:Quay:88017,Trondheim S(NSR:Quay:1078) ~ Walk 3m54s ~ Trondheim S(NSR:Quay:71422) ~ COACH VY710 15:30 15:59 ~ Trondheim lufthavn(NSR:Quay:76109) ~ Walk 4m44s ~ Trondheim lufthavn(NSR:Quay:1191) ~ AIRPLANE null 17:10 18:00 ~ Brønnøysund lufthavn(NSR:Quay:1180) ~ Walk 29m3s
24,3,4h59m10s,23816,544,09:25:00,14:24:10,Avinor|FRAM,AIRPLANE|BUS,Oslo-Bergen|340|101|100,RB:NSR:Quay:1182|RB:NSR:Quay:105356|RB:NSR:Quay:68039|RB:NSR:Quay:69413|RB:NSR:Quay:69411|RB:NSR:Quay:67217|RB:NSR:Quay:1189,Sogndal lufthamn(NSR:Quay:1204) ~ AIRPLANE null 9:25 10:00 ~ Ørsta-Volda lufthamn(NSR:Quay:1182) ~ Walk 21s ~ Ørsta-Volda lufthamn(NSR:Quay:105356) ~ BUS 340 10:26 10:30 ~ Furene(NSR:Quay:68039) ~ BUS 101 10:42 12:10 ~ Moa trafikkterminal(NSR:Quay:69413) ~ Walk 24s ~ Moa trafikkterminal(NSR:Quay:69411) ~ BUS 100 12:20 14:17 ~ Årøhagen (airport)(NSR:Quay:67217) ~ Walk 7m10s
24,2,4h59m10s,25325,1099,09:25:00,14:24:10,Avinor|FRAM,AIRPLANE|BUS,Oslo-Bergen|101|100,RB:NSR:Quay:1182|RB:NSR:Quay:65771|RB:NSR:Quay:69413|RB:NSR:Quay:69411|RB:NSR:Quay:67217|RB:NSR:Quay:1189,Sogndal lufthamn(NSR:Quay:1204) ~ AIRPLANE null 9:25 10:00 ~ Ørsta-Volda lufthamn(NSR:Quay:1182) ~ Walk 7m33s ~ Hovdebakken(NSR:Quay:65771) ~ BUS 101 10:45 12:10 ~ Moa trafikkterminal(NSR:Quay:69413) ~ Walk 24s ~ Moa trafikkterminal(NSR:Quay:69411) ~ BUS 100 12:20 14:17 ~ Årøhagen (airport)(NSR:Quay:67217) ~ Walk 7m10s
24,1,6h15m,26850,0,09:25:00,15:40:00,Avinor,AIRPLANE,Oslo-Oslo|Oslo-Molde,RB:NSR:Quay:1173|RB:NSR:Quay:1189,Sogndal lufthamn(NSR:Quay:1204) ~ AIRPLANE null 9:25 11:20 ~ Oslo lufthavn(NSR:Quay:1173) ~ AIRPLANE null 14:40 15:40
25,2,8h27m27s,34746,742,05:52:33,14:20:00,Avinor|N-W,AIRPLANE|COACH,NW400|Oslo-Stavanger|NW130,RB:NSR:Quay:105121|RB:NSR:Quay:46995|RB:NSR:Quay:1199|RB:NSR:Quay:1173|RB:NSR:Quay:9786|RB:NSR:Quay:13319,Walk 2m27s ~ Haugesund bussterminal(NSR:Quay:105121) ~ COACH NW400 5:55 8:30 ~ Stavanger lufthavn(NSR:Quay:46995) ~ Walk 4m49s ~ Stavanger lufthavn(NSR:Quay:1199) ~ AIRPLANE null 10:15 11:10 ~ Oslo lufthavn(NSR:Quay:1173) ~ Walk 3m38s ~ Oslo lufthavn(NSR:Quay:9786) ~ COACH NW130 11:45 14:20
25,4,8h32m27s,36286,815,07:42:33,16:15:00,Avinor|Innlandstrafikk|N-W|SKY|Vy Buss,AIRPLANE|BUS|COACH|TRAM,NW400|1|Oslo-Bergen|VY123|150,RB:NSR:Quay:105121|RB:NSR:Quay:51873|RB:NSR:Quay:51824|RB:NSR:Quay:51855|RB:NSR:Quay:1213|RB:NSR:Quay:1173|RB:NSR:Quay:9789|RB:NSR:Quay:17708|RB:NSR:Quay:17705|RB:NSR:Quay:13319,Walk 2m27s ~ Haugesund bussterminal(NSR:Quay:105121) ~ COACH NW400 7:45 10:35 ~ Lagunen terminal(NSR:Quay:51873) ~ Walk 54s ~ Lagunen terminal(NSR:Quay:51824) ~ TRAM 1 10:39:52 10:51:38 ~ Bergen lufthavn(NSR:Quay:51855) ~ Walk 2m48s ~ Bergen lufthavn(NSR:Quay:1213) ~ AIRPLANE null 12:00 12:50 ~ Oslo lufthavn(NSR:Quay:1173) ~ Walk 3m53s ~ Oslo lufthavn(NSR:Quay:9789) ~ COACH VY123 13:30 14:45 ~ Elverum skysstasjon(NSR:Quay:17708) ~ Walk 1m18s ~ Elverum skysstasjon(NSR:Quay:17705) ~ BUS 150 14:55 16:15
25,3,8h7m29s,34105,787,09:12:31,17:20:00,Avinor|N-W|SKY|Vy Buss,AIRPLANE|COACH|TRAM,VY190|1|Oslo-Bergen|NW130,RB:NSR:Quay:105123|RB:NSR:Quay:51870|RB:NSR:Quay:51824|RB:NSR:Quay:51855|RB:NSR:Quay:1213|RB:NSR:Quay:1173|RB:NSR:Quay:9786|RB:NSR:Quay:13319,Walk 2m29s ~ Haugesund bussterminal(NSR:Quay:105123) ~ COACH VY190 9:15 11:53 ~ Lagunen terminal(NSR:Quay:51870) ~ Walk 2m2s ~ Lagunen terminal(NSR:Quay:51824) ~ TRAM 1 12:01:52 12:13:38 ~ Bergen lufthavn(NSR:Quay:51855) ~ Walk 2m48s ~ Bergen lufthavn(NSR:Quay:1213) ~ AIRPLANE null 13:00 13:55 ~ Oslo lufthavn(NSR:Quay:1173) ~ Walk 3m38s ~ Oslo lufthavn(NSR:Quay:9786) ~ COACH NW130 14:45 17:20
25,3,8h37m27s,35685,703,08:42:33,17:20:00,Avinor|N-W|SKY,AIRPLANE|COACH|TRAM,NW400|1|Oslo-Bergen|NW130,RB:NSR:Quay:105121|RB:NSR:Quay:51873|RB:NSR:Quay:51824|RB:NSR:Quay:51855|RB:NSR:Quay:1213|RB:NSR:Quay:1173|RB:NSR:Quay:9786|RB:NSR:Quay:13319,Walk 2m27s ~ Haugesund bussterminal(NSR:Quay:105121) ~ COACH NW400 8:45 11:35 ~ Lagunen terminal(NSR:Quay:51873) ~ Walk 54s ~ Lagunen terminal(NSR:Quay:51824) ~ TRAM 1 11:39:52 11:51:38 ~ Bergen lufthavn(NSR:Quay:51855) ~ Walk 2m48s ~ Bergen lufthavn(NSR:Quay:1213) ~ AIRPLANE null 13:00 13:55 ~ Oslo lufthavn(NSR:Quay:1173) ~ Walk 3m38s ~ Oslo lufthavn(NSR:Quay:9786) ~ COACH NW130 14:45 17:20
25,4,8h27m15s,35790,683,08:52:45,17:20:00,Avinor|N-W|SKY,AIRPLANE|BUS|COACH|TRAM,700|NW400|1|Oslo-Bergen|NW130,RB:NSR:Quay:105124|RB:NSR:Quay:52847|RB:NSR:Quay:51873|RB:NSR:Quay:51824|RB:NSR:Quay:51855|RB:NSR:Quay:1213|RB:NSR:Quay:1173|RB:NSR:Quay:9786|RB:NSR:Quay:13319,Walk 2m15s ~ Haugesund bussterminal(NSR:Quay:105124) ~ BUS 700 8:55 9:20 ~ Haukås terminal(NSR:Quay:52847) ~ COACH NW400 9:40 11:55 ~ Lagunen terminal(NSR:Quay:51873) ~ Walk 54s ~ Lagunen terminal(NSR:Quay:51824) ~ TRAM 1 12:01:52 12:13:38 ~ Bergen lufthavn(NSR:Quay:51855) ~ Walk 2m48s ~ Bergen lufthavn(NSR:Quay:1213) ~ AIRPLANE null 13:00 13:55 ~ Oslo lufthavn(NSR:Quay:1173) ~ Walk 3m38s ~ Oslo lufthavn(NSR:Quay:9786) ~ COACH NW130 14:45 17:20
25,4,8h55m29s,37886,899,09:12:31,18:08:00,Avinor|Innlandstrafikk|SKY|Vy Buss,AIRPLANE|BUS|COACH|TRAM,VY190|1|Oslo-Bergen|VY123|150,RB:NSR:Quay:105123|RB:NSR:Quay:51870|RB:NSR:Quay:51824|RB:NSR:Quay:51855|RB:NSR:Quay:1213|RB:NSR:Quay:1173|RB:NSR:Quay:9789|RB:NSR:Quay:17708|RB:NSR:Quay:17705|RB:NSR:Quay:13319,Walk 2m29s ~ Haugesund bussterminal(NSR:Quay:105123) ~ COACH VY190 9:15 11:53 ~ Lagunen terminal(NSR:Quay:51870) ~ Walk 2m2s ~ Lagunen terminal(NSR:Quay:51824) ~ TRAM 1 12:01:52 12:13:38 ~ Bergen lufthavn(NSR:Quay:51855) ~ Walk 2m48s ~ Bergen lufthavn(NSR:Quay:1213) ~ AIRPLANE null 13:00 13:55 ~ Oslo lufthavn(NSR:Quay:1173) ~ Walk 3m53s ~ Oslo lufthavn(NSR:Quay:9789) ~ COACH VY123 14:30 15:45 ~ Elverum skysstasjon(NSR:Quay:17708) ~ Walk 1m18s ~ Elverum skysstasjon(NSR:Quay:17705) ~ BUS 150 16:55 18:08
27,2,3h10m49s,15694,715,15:56:11,19:07:00,Avinor|Snelandia|Svipper,AIRPLANE|BUS,42|Tromsø-Tromsø|30,RB:NSR:Quay:90611|RB:NSR:Quay:95088|RB:NSR:Quay:1190|RB:NSR:Quay:1174|RB:NSR:Quay:98025|RB:NSR:Quay:97186,Tromsø Prostneset(NSR:Quay:101988) ~ Walk 2m49s ~ Bankgata(NSR:Quay:90611) ~ BUS 42 15:59 16:20 ~ Tromsø lufthavn(NSR:Quay:95088) ~ Walk 2m34s ~ Tromsø lufthavn(NSR:Quay:1190) ~ AIRPLANE null 17:00 18:20 ~ Hammerfest lufthavn(NSR:Quay:1174) ~ Walk 4m21s ~ REMA Fuglenes(NSR:Quay:98025) ~ BUS 30 18:42 19:07
27,2,2h53m,14035,509,16:44:00,19:37:00,Avinor|Snelandia|Svipper,AIRPLANE|BUS,425|Tromsø-Vadsø|30,RB:NSR:Quay:95088|RB:NSR:Quay:1190|RB:NSR:Quay:1174|RB:NSR:Quay:98025|RB:NSR:Quay:97186,Tromsø Prostneset(NSR:Quay:101982) ~ BUS 425 16:44 17:03 ~ Tromsø lufthavn(NSR:Quay:95088) ~ Walk 2m34s ~ Tromsø lufthavn(NSR:Quay:1190) ~ AIRPLANE null 17:45 18:30 ~ Hammerfest lufthavn(NSR:Quay:1174) ~ Walk 4m21s ~ REMA Fuglenes(NSR:Quay:98025) ~ BUS 30 19:12 19:37
28,0,12m30s,1623,92,16:06:33,16:19:03,RUT,BUS,28,RB:NSR:Quay:11598|RB:NSR:Quay:11861,Walk 27s ~ Marienlyst(NSR:Quay:11598) ~ BUS 28 16:07 16:18 ~ Københavngata(NSR:Quay:11861) ~ Walk 1m3s
28,0,15m30s,1803,92,16:07:33,16:23:03,RUT,BUS,20,RB:NSR:Quay:11598|RB:NSR:Quay:11861,Walk 27s ~ Marienlyst(NSR:Quay:11598) ~ BUS 20 16:08 16:22 ~ Københavngata(NSR:Quay:11861) ~ Walk 1m3s
28,0,12m30s,1623,92,16:13:33,16:26:03,RUT,BUS,28,RB:NSR:Quay:11598|RB:NSR:Quay:11861,Walk 27s ~ Marienlyst(NSR:Quay:11598) ~ BUS 28 16:14 16:25 ~ Københavngata(NSR:Quay:11861) ~ Walk 1m3s
28,0,15m30s,1803,92,16:17:33,16:33:03,RUT,BUS,20,RB:NSR:Quay:11598|RB:NSR:Quay:11861,Walk 27s ~ Marienlyst(NSR:Quay:11598) ~ BUS 20 16:18 16:32 ~ Københavngata(NSR:Quay:11861) ~ Walk 1m3s
28,0,12m30s,1623,92,16:21:33,16:34:03,RUT,BUS,28,RB:NSR:Quay:11598|RB:NSR:Quay:11861,Walk 27s ~ Marienlyst(NSR:Quay:11598) ~ BUS 28 16:22 16:33 ~ Københavngata(NSR:Quay:11861) ~ Walk 1m3s
28,0,15m30s,1803,92,16:22:33,16:38:03,RUT,BUS,20,RB:NSR:Quay:11598|RB:NSR:Quay:11861,Walk 27s ~ Marienlyst(NSR:Quay:11598) ~ BUS 20 16:23 16:37 ~ Københavngata(NSR:Quay:11861) ~ Walk 1m3s
28,0,12m30s,1623,92,16:28:33,16:41:03,RUT,BUS,28,RB:NSR:Quay:11598|RB:NSR:Quay:11861,Walk 27s ~ Marienlyst(NSR:Quay:11598) ~ BUS 28 16:29 16:40 ~ Københavngata(NSR:Quay:11861) ~ Walk 1m3s
28,0,15m30s,1803,92,16:32:33,16:48:03,RUT,BUS,20,RB:NSR:Quay:11598|RB:NSR:Quay:11861,Walk 27s ~ Marienlyst(NSR:Quay:11598) ~ BUS 20 16:33 16:47 ~ Københavngata(NSR:Quay:11861) ~ Walk 1m3s
28,0,12m30s,1623,92,16:36:33,16:49:03,RUT,BUS,28,RB:NSR:Quay:11598|RB:NSR:Quay:11861,Walk 27s ~ Marienlyst(NSR:Quay:11598) ~ BUS 28 16:37 16:48 ~ Københavngata(NSR:Quay:11861) ~ Walk 1m3s
28,0,15m30s,1803,92,16:37:33,16:53:03,RUT,BUS,20,RB:NSR:Quay:11598|RB:NSR:Quay:11861,Walk 27s ~ Marienlyst(NSR:Quay:11598) ~ BUS 20 16:38 16:52 ~ Københavngata(NSR:Quay:11861) ~ Walk 1m3s
28,0,12m30s,1623,92,16:43:33,16:56:03,RUT,BUS,28,RB:NSR:Quay:11598|RB:NSR:Quay:11861,Walk 27s ~ Marienlyst(NSR:Quay:11598) ~ BUS 28 16:44 16:55 ~ Københavngata(NSR:Quay:11861) ~ Walk 1m3s
28,0,15m30s,1803,92,16:47:33,17:03:03,RUT,BUS,20,RB:NSR:Quay:11598|RB:NSR:Quay:11861,Walk 27s ~ Marienlyst(NSR:Quay:11598) ~ BUS 20 16:48 17:02 ~ Københavngata(NSR:Quay:11861) ~ Walk 1m3s
28,0,12m30s,1623,92,16:51:33,17:04:03,RUT,BUS,28,RB:NSR:Quay:11598|RB:NSR:Quay:11861,Walk 27s ~ Marienlyst(NSR:Quay:11598) ~ BUS 28 16:52 17:03 ~ Københavngata(NSR:Quay:11861) ~ Walk 1m3s
28,0,15m30s,1803,92,16:52:33,17:08:03,RUT,BUS,20,RB:NSR:Quay:11598|RB:NSR:Quay:11861,Walk 27s ~ Marienlyst(NSR:Quay:11598) ~ BUS 20 16:53 17:07 ~ Københavngata(NSR:Quay:11861) ~ Walk 1m3s
28,0,12m30s,1623,92,16:58:33,17:11:03,RUT,BUS,28,RB:NSR:Quay:11598|RB:NSR:Quay:11861,Walk 27s ~ Marienlyst(NSR:Quay:11598) ~ BUS 28 16:59 17:10 ~ Københavngata(NSR:Quay:11861) ~ Walk 1m3s
28,0,15m30s,1803,92,17:02:33,17:18:03,RUT,BUS,20,RB:NSR:Quay:11598|RB:NSR:Quay:11861,Walk 27s ~ Marienlyst(NSR:Quay:11598) ~ BUS 20 17:03 17:17 ~ Københavngata(NSR:Quay:11861) ~ Walk 1m3s
28,0,12m30s,1623,92,17:06:33,17:19:03,RUT,BUS,28,RB:NSR:Quay:11598|RB:NSR:Quay:11861,Walk 27s ~ Marienlyst(NSR:Quay:11598) ~ BUS 28 17:07 17:18 ~ Københavngata(NSR:Quay:11861) ~ Walk 1m3s
28,0,15m30s,1803,92,17:07:33,17:23:03,RUT,BUS,20,RB:NSR:Quay:11598|RB:NSR:Quay:11861,Walk 27s ~ Marienlyst(NSR:Quay:11598) ~ BUS 20 17:08 17:22 ~ Københavngata(NSR:Quay:11861) ~ Walk 1m3s
28,0,12m30s,1623,92,17:13:33,17:26:03,RUT,BUS,28,RB:NSR:Quay:11598|RB:NSR:Quay:11861,Walk 27s ~ Marienlyst(NSR:Quay:11598) ~ BUS 28 17:14 17:25 ~ Københavngata(NSR:Quay:11861) ~ Walk 1m3s
28,0,15m30s,1803,92,17:17:33,17:33:03,RUT,BUS,20,RB:NSR:Quay:11598|RB:NSR:Quay:11861,Walk 27s ~ Marienlyst(NSR:Quay:11598) ~ BUS 20 17:18 17:32 ~ Københavngata(NSR:Quay:11861) ~ Walk 1m3s
28,0,12m30s,1623,92,17:21:33,17:34:03,RUT,BUS,28,RB:NSR:Quay:11598|RB:NSR:Quay:11861,Walk 27s ~ Marienlyst(NSR:Quay:11598) ~ BUS 28 17:22 17:33 ~ Københavngata(NSR:Quay:11861) ~ Walk 1m3s
28,0,15m30s,1803,92,17:22:33,17:38:03,RUT,BUS,20,RB:NSR:Quay:11598|RB:NSR:Quay:11861,Walk 27s ~ Marienlyst(NSR:Quay:11598) ~ BUS 20 17:23 17:37 ~ Københavngata(NSR:Quay:11861) ~ Walk 1m3s
28,0,12m30s,1623,92,17:28:33,17:41:03,RUT,BUS,28,RB:NSR:Quay:11598|RB:NSR:Quay:11861,Walk 27s ~ Marienlyst(NSR:Quay:11598) ~ BUS 28 17:29 17:40 ~ Københavngata(NSR:Quay:11861) ~ Walk 1m3s
28,0,15m30s,1803,92,17:32:33,17:48:03,RUT,BUS,20,RB:NSR:Quay:11598|RB:NSR:Quay:11861,Walk 27s ~ Marienlyst(NSR:Quay:11598) ~ BUS 20 17:33 17:47 ~ Københavngata(NSR:Quay:11861) ~ Walk 1m3s
28,0,12m30s,1623,92,17:36:33,17:49:03,RUT,BUS,28,RB:NSR:Quay:11598|RB:NSR:Quay:11861,Walk 27s ~ Marienlyst(NSR:Quay:11598) ~ BUS 28 17:37 17:48 ~ Københavngata(NSR:Quay:11861) ~ Walk 1m3s
28,0,15m30s,1803,92,17:37:33,17:53:03,RUT,BUS,20,RB:NSR:Quay:11598|RB:NSR:Quay:11861,Walk 27s ~ Marienlyst(NSR:Quay:11598) ~ BUS 20 17:38 17:52 ~ Københavngata(NSR:Quay:11861) ~ Walk 1m3s
28,0,12m30s,1623,92,17:43:33,17:56:03,RUT,BUS,28,RB:NSR:Quay:11598|RB:NSR:Quay:11861,Walk 27s ~ Marienlyst(NSR:Quay:11598) ~ BUS 28 17:44 17:55 ~ Københavngata(NSR:Quay:11861) ~ Walk 1m3s
28,0,15m30s,1803,92,17:47:33,18:03:03,RUT,BUS,20,RB:NSR:Quay:11598|RB:NSR:Quay:11861,Walk 27s ~ Marienlyst(NSR:Quay:11598) ~ BUS 20 17:48 18:02 ~ Københavngata(NSR:Quay:11861) ~ Walk 1m3s
28,0,12m30s,1623,92,17:51:33,18:04:03,RUT,BUS,28,RB:NSR:Quay:11598|RB:NSR:Quay:11861,Walk 27s ~ Marienlyst(NSR:Quay:11598) ~ BUS 28 17:52 18:03 ~ Københavngata(NSR:Quay:11861) ~ Walk 1m3s
29,1,1h9m4s,5929,156,19:46:56,20:56:00,Vy,RAIL,L2|R12,RB:NSR:Quay:473|RB:NSR:Quay:556|RB:NSR:Quay:559|RB:NSR:Quay:142,Hauketo stasjon(NSR:Quay:12409) ~ Walk 4s ~ Hauketo stasjon(NSR:Quay:473) ~ RAIL L2 19:47 19:59 ~ Oslo S(NSR:Quay:556) ~ Walk 2m39s ~ Oslo S(NSR:Quay:559) ~ RAIL R12 20:09 20:56
30,0,51m47s,7601,1385,09:08:35,10:00:22,Vy,RAIL,RE10,RB:NSR:Quay:755|RB:NSR:Quay:698,Walk 7m25s ~ Lillestrøm stasjon(NSR:Quay:755) ~ RAIL RE10 9:16 9:49 ~ Asker stasjon(NSR:Quay:698) ~ Walk 11m22s
30,0,51m47s,7601,1385,09:18:35,10:10:22,Vy,RAIL,RE11,RB:NSR:Quay:755|RB:NSR:Quay:698,Walk 7m25s ~ Lillestrøm stasjon(NSR:Quay:755) ~ RAIL RE11 9:26 9:59 ~ Asker stasjon(NSR:Quay:698) ~ Walk 11m22s
30,0,52m18s,7724,1426,09:28:04,10:20:22,Vy,RAIL,R13,RB:NSR:Quay:747|RB:NSR:Quay:698,Walk 7m56s ~ Lillestrøm stasjon(NSR:Quay:747) ~ RAIL R13 9:36 10:09 ~ Asker stasjon(NSR:Quay:698) ~ Walk 11m22s
30,0,52m45s,7920,1436,09:38:04,10:30:49,Vy,RAIL,R14,RB:NSR:Quay:747|RB:NSR:Quay:700,Walk 7m56s ~ Lillestrøm stasjon(NSR:Quay:747) ~ RAIL R14 9:46 10:19 ~ Asker stasjon(NSR:Quay:700) ~ Walk 11m49s
30,0,51m47s,7601,1385,09:48:35,10:40:22,Vy,RAIL,R12,RB:NSR:Quay:756|RB:NSR:Quay:698,Walk 7m25s ~ Lillestrøm stasjon(NSR:Quay:756) ~ RAIL R12 9:56 10:29 ~ Asker stasjon(NSR:Quay:698) ~ Walk 11m22s
30,0,52m18s,7724,1426,09:58:04,10:50:22,Vy,RAIL,R13,RB:NSR:Quay:747|RB:NSR:Quay:698,Walk 7m56s ~ Lillestrøm stasjon(NSR:Quay:747) ~ RAIL R13 10:06 10:39 ~ Asker stasjon(NSR:Quay:698) ~ Walk 11m22s
30,0,51m47s,7601,1385,10:08:35,11:00:22,Vy,RAIL,RE10,RB:NSR:Quay:756|RB:NSR:Quay:698,Walk 7m25s ~ Lillestrøm stasjon(NSR:Quay:756) ~ RAIL RE10 10:16 10:49 ~ Asker stasjon(NSR:Quay:698) ~ Walk 11m22s
30,0,51m47s,7601,1385,10:18:35,11:10:22,Vy,RAIL,RE11,RB:NSR:Quay:756|RB:NSR:Quay:698,Walk 7m25s ~ Lillestrøm stasjon(NSR:Quay:756) ~ RAIL RE11 10:26 10:59 ~ Asker stasjon(NSR:Quay:698) ~ Walk 11m22s
30,0,52m18s,7724,1426,10:28:04,11:20:22,Vy,RAIL,R13,RB:NSR:Quay:747|RB:NSR:Quay:698,Walk 7m56s ~ Lillestrøm stasjon(NSR:Quay:747) ~ RAIL R13 10:36 11:09 ~ Asker stasjon(NSR:Quay:698) ~ Walk 11m22s
30,0,52m45s,7920,1436,10:38:04,11:30:49,Vy,RAIL,R14,RB:NSR:Quay:747|RB:NSR:Quay:700,Walk 7m56s ~ Lillestrøm stasjon(NSR:Quay:747) ~ RAIL R14 10:46 11:19 ~ Asker stasjon(NSR:Quay:700) ~ Walk 11m49s
30,0,51m47s,7601,1385,10:48:35,11:40:22,Vy,RAIL,R12,RB:NSR:Quay:756|RB:NSR:Quay:698,Walk 7m25s ~ Lillestrøm stasjon(NSR:Quay:756) ~ RAIL R12 10:56 11:29 ~ Asker stasjon(NSR:Quay:698) ~ Walk 11m22s
30,0,52m18s,7724,1426,10:58:04,11:50:22,Vy,RAIL,R13,RB:NSR:Quay:747|RB:NSR:Quay:698,Walk 7m56s ~ Lillestrøm stasjon(NSR:Quay:747) ~ RAIL R13 11:06 11:39 ~ Asker stasjon(NSR:Quay:698) ~ Walk 11m22s
31,2,1h41m46s,12656,1490,09:08:35,10:50:21,Brakar|Vy|Vy Buss,BUS|COACH|RAIL,RE10|VY1|117,RB:NSR:Quay:755|RB:NSR:Quay:248|RB:NSR:Quay:7899|RB:NSR:Quay:26831|RB:NSR:Quay:26345|RB:NSR:Quay:26287,Walk 7m25s ~ Lillestrøm stasjon(NSR:Quay:755) ~ RAIL RE10 9:16 9:38 ~ Lysaker stasjon(NSR:Quay:248) ~ Walk 1m40s ~ Lysaker stasjon(NSR:Quay:7899) ~ COACH VY1 9:42 10:33 ~ Hokksund Langebru(NSR:Quay:26831) ~ Walk 10m ~ Sundmoen(NSR:Quay:26345) ~ BUS 117 10:46 10:49 ~ Øvre Eiker rådhus(NSR:Quay:26287) ~ Walk 1m21s
31,0,1h16m15s,7862,957,09:48:35,11:04:50,Vy,RAIL,R12,RB:NSR:Quay:756|RB:NSR:Quay:402,Walk 7m25s ~ Lillestrøm stasjon(NSR:Quay:756) ~ RAIL R12 9:56 10:59 ~ Hokksund stasjon(NSR:Quay:402) ~ Walk 5m50s
31,1,1h17m51s,7757,606,09:48:35,11:06:26,Brakar|Vy,BUS|RAIL,R12|101,RB:NSR:Quay:756|RB:NSR:Quay:402|RB:NSR:Quay:26293|RB:NSR:Quay:26288,Walk 7m25s ~ Lillestrøm stasjon(NSR:Quay:756) ~ RAIL R12 9:56 10:59 ~ Hokksund stasjon(NSR:Quay:402) ~ Walk 51s ~ Hokksund stasjon(NSR:Quay:26293) ~ BUS 101 11:06 11:06 ~ Øvre Eiker rådhus(NSR:Quay:26288) ~ Walk 26s
31,2,1h52m17s,11787,1071,09:58:04,11:50:21,Brakar|Vy,BUS|RAIL,R13|100|101,RB:NSR:Quay:747|RB:NSR:Quay:26|RB:NSR:Quay:29303|RB:NSR:Quay:26535|RB:NSR:Quay:26534|RB:NSR:Quay:26287,Walk 7m56s ~ Lillestrøm stasjon(NSR:Quay:747) ~ RAIL R13 10:06 10:54 ~ Drammen stasjon(NSR:Quay:26) ~ Walk 5m ~ Drammen busstasjon(NSR:Quay:29303) ~ BUS 100 11:05 11:36 ~ Falkbanen(NSR:Quay:26535) ~ Walk 1m2s ~ Falkbanen(NSR:Quay:26534) ~ BUS 101 11:46 11:49 ~ Øvre Eiker rådhus(NSR:Quay:26287) ~ Walk 1m21s
31,0,1h16m15s,7862,957,10:48:35,12:04:50,Vy,RAIL,R12,RB:NSR:Quay:756|RB:NSR:Quay:402,Walk 7m25s ~ Lillestrøm stasjon(NSR:Quay:756) ~ RAIL R12 10:56 11:59 ~ Hokksund stasjon(NSR:Quay:402) ~ Walk 5m50s
31,1,1h17m51s,7757,606,10:48:35,12:06:26,Brakar|Vy,BUS|RAIL,R12|101,RB:NSR:Quay:756|RB:NSR:Quay:402|RB:NSR:Quay:26293|RB:NSR:Quay:26288,Walk 7m25s ~ Lillestrøm stasjon(NSR:Quay:756) ~ RAIL R12 10:56 11:59 ~ Hokksund stasjon(NSR:Quay:402) ~ Walk 51s ~ Hokksund stasjon(NSR:Quay:26293) ~ BUS 101 12:06 12:06 ~ Øvre Eiker rådhus(NSR:Quay:26288) ~ Walk 26s
31,2,1h52m17s,11682,1034,10:58:04,12:50:21,Brakar|Vy,BUS|RAIL,R13|100|101,RB:NSR:Quay:747|RB:NSR:Quay:18|RB:NSR:Quay:29303|RB:NSR:Quay:26535|RB:NSR:Quay:26534|RB:NSR:Quay:26287,Walk 7m56s ~ Lillestrøm stasjon(NSR:Quay:747) ~ RAIL R13 11:06 11:54 ~ Drammen stasjon(NSR:Quay:18) ~ Walk 4m25s ~ Drammen busstasjon(NSR:Quay:29303) ~ BUS 100 12:05 12:36 ~ Falkbanen(NSR:Quay:26535) ~ Walk 1m2s ~ Falkbanen(NSR:Quay:26534) ~ BUS 101 12:46 12:49 ~ Øvre Eiker rådhus(NSR:Quay:26287) ~ Walk 1m21s
33,3,2h59m38s,18679,1694,09:40:28,12:40:06,Avinor|Boreal Norge|FlexBus|SKY,AIRPLANE|BUS|COACH|TRAM,FB40|Stavanger-Bergen|1|FX652,RB:NSR:Quay:48494|RB:NSR:Quay:46991|RB:NSR:Quay:1199|RB:NSR:Quay:1213|RB:NSR:Quay:51856|RB:NSR:Quay:51823|RB:NSR:Quay:51878|RB:NSR:Quay:53045,Walk 6m32s ~ Olav Vs gate(NSR:Quay:48494) ~ BUS FB40 9:47 10:10 ~ Stavanger lufthavn(NSR:Quay:46991) ~ Walk 3m52s ~ Stavanger lufthavn(NSR:Quay:1199) ~ AIRPLANE null 10:55 11:35 ~ Bergen lufthavn(NSR:Quay:1213) ~ Walk 2m48s ~ Bergen lufthavn(NSR:Quay:51856) ~ TRAM 1 11:56 12:07:37 ~ Lagunen terminal(NSR:Quay:51823) ~ Walk 1m58s ~ Lagunen terminal(NSR:Quay:51878) ~ COACH FX652 12:16 12:30 ~ Bergen busstasjon(NSR:Quay:53045) ~ Walk 10m6s
33,2,3h2m17s,16861,1170,09:40:28,12:42:45,Avinor|Boreal Norge|Tide AS,AIRPLANE|BUS,FB40|Stavanger-Bergen|FB50,RB:NSR:Quay:48494|RB:NSR:Quay:46991|RB:NSR:Quay:1199|RB:NSR:Quay:1213|RB:NSR:Quay:107744|RB:NSR:Quay:102453,Walk 6m32s ~ Olav Vs gate(NSR:Quay:48494) ~ BUS FB40 9:47 10:10 ~ Stavanger lufthavn(NSR:Quay:46991) ~ Walk 3m52s ~ Stavanger lufthavn(NSR:Quay:1199) ~ AIRPLANE null 10:55 11:35 ~ Bergen lufthavn(NSR:Quay:1213) ~ Walk 2m32s ~ Bergen lufthavn(NSR:Quay:107744) ~ BUS FB50 12:10 12:38 ~ Festplassen(NSR:Quay:102453) ~ Walk 4m45s
33,2,3h3m31s,16819,1120,09:40:28,12:43:59,Avinor|Boreal Norge|SKY,AIRPLANE|BUS|TRAM,FB40|Stavanger-Bergen|1,RB:NSR:Quay:48494|RB:NSR:Quay:46991|RB:NSR:Quay:1199|RB:NSR:Quay:1213|RB:NSR:Quay:51856|RB:NSR:Quay:53130,Walk 6m32s ~ Olav Vs gate(NSR:Quay:48494) ~ BUS FB40 9:47 10:10 ~ Stavanger lufthavn(NSR:Quay:46991) ~ Walk 3m52s ~ Stavanger lufthavn(NSR:Quay:1199) ~ AIRPLANE null 10:55 11:35 ~ Bergen lufthavn(NSR:Quay:1213) ~ Walk 2m48s ~ Bergen lufthavn(NSR:Quay:51856) ~ TRAM 1 11:56 12:39:31 ~ Byparken(NSR:Quay:53130) ~ Walk 4m28s
33,1,4h49m24s,21868,1041,09:30:42,14:20:06,Kolumbus|N-W,BUS|COACH,8|NW400,RB:NSR:Quay:45579|RB:NSR:Quay:46970|RB:NSR:Quay:46952|RB:NSR:Quay:53045,Walk 4m18s ~ Henrik Steffens gate(NSR:Quay:45579) ~ BUS 8 9:35 9:39 ~ Jernbaneveien(NSR:Quay:46970) ~ Walk 1m7s ~ Stavanger bussterminal(NSR:Quay:46952) ~ COACH NW400 9:45 14:10 ~ Bergen busstasjon(NSR:Quay:53045) ~ Walk 10m6s
33,0,4h45m8s,22050,1360,09:34:58,14:20:06,N-W,COACH,NW400,RB:NSR:Quay:46952|RB:NSR:Quay:53045,Walk 10m2s ~ Stavanger bussterminal(NSR:Quay:46952) ~ COACH NW400 9:45 14:10 ~ Bergen busstasjon(NSR:Quay:53045) ~ Walk 10m6s
33,0,5h26s,23045,1383,09:39:40,14:40:06,FlexBus,COACH,FX652,RB:NSR:Quay:103408|RB:NSR:Quay:53045,Walk 10m20s ~ Stavanger bussterminal(NSR:Quay:103408) ~ COACH FX652 9:50 14:30 ~ Bergen busstasjon(NSR:Quay:53045) ~ Walk 10m6s
33,1,5h3m8s,22969,1007,09:39:40,14:42:48,FlexBus|SKY,COACH|TRAM,FX652|2,RB:NSR:Quay:103408|RB:NSR:Quay:53045|RB:NSR:Quay:106982|RB:NSR:Quay:106985,Walk 10m20s ~ Stavanger bussterminal(NSR:Quay:103408) ~ COACH FX652 9:50 14:30 ~ Bergen busstasjon(NSR:Quay:53045) ~ Walk 2m20s ~ Bergen busstasjon(NSR:Quay:106982) ~ TRAM 2 14:37 14:39:58 ~ Kaigaten(NSR:Quay:106985) ~ Walk 2m50s
33,0,5h28m53s,24406,1383,09:51:13,15:20:06,N-W,COACH,NW400,RB:NSR:Quay:47383|RB:NSR:Quay:53045,Walk 9m47s ~ Kannik(NSR:Quay:47383) ~ COACH NW400 10:01 15:10 ~ Bergen busstasjon(NSR:Quay:53045) ~ Walk 10m6s
33,1,5h22m41s,25112,1422,10:36:13,15:58:54,N-W|SKY,COACH|FERRY,NW400|2080,RB:NSR:Quay:47383|RB:NSR:Quay:51265|RB:NSR:Quay:51423|RB:NSR:Quay:51969,Walk 9m47s ~ Kannik(NSR:Quay:47383) ~ COACH NW400 10:46 13:55 ~ Leirvik terminal(NSR:Quay:51265) ~ Walk 2m9s ~ Leirvik båtkai(NSR:Quay:51423) ~ FERRY 2080 14:10 15:50 ~ Strandkaiterminalen båtkai(NSR:Quay:51969) ~ Walk 8m54s
36,3,4h34m57s,27785,2765,11:50:09,16:25:06,Avinor|Brakar|FRAM|Vy,AIRPLANE|BUS|RAIL,4|R12|Oslo-Ålesund|3,RB:NSR:Quay:29408|RB:NSR:Quay:29325|RB:NSR:Quay:101598|RB:NSR:Quay:451|RB:NSR:Quay:1173|RB:NSR:Quay:1206|RB:NSR:Quay:68279|RB:NSR:Quay:65250,Walk 2m51s ~ Hyttemesterveien(NSR:Quay:29408) ~ BUS 4 11:53 12:05 ~ Strømsø torg(NSR:Quay:29325) ~ Walk 3m41s ~ Drammen stasjon(NSR:Quay:101598) ~ RAIL R12 12:17 13:17 ~ Oslo lufthavn stasjon(NSR:Quay:451) ~ Walk 3m52s ~ Oslo lufthavn(NSR:Quay:1173) ~ AIRPLANE null 14:15 15:15 ~ Ålesund lufthavn(NSR:Quay:1206) ~ Walk 21m48s ~ Margrete(NSR:Quay:68279) ~ BUS 3 16:07 16:20 ~ Valderhaugstrand(NSR:Quay:65250) ~ Walk 5m6s
36,3,4h44m25s,23769,1123,11:50:09,16:34:34,Avinor|Brakar|Vy|Ålesund Turvogn Service,AIRPLANE|BUS|RAIL,4|R12|Oslo-Ålesund|FB61,RB:NSR:Quay:29408|RB:NSR:Quay:29325|RB:NSR:Quay:101598|RB:NSR:Quay:451|RB:NSR:Quay:1173|RB:NSR:Quay:1206|RB:NSR:Quay:67000|RB:NSR:Quay:65266,Walk 2m51s ~ Hyttemesterveien(NSR:Quay:29408) ~ BUS 4 11:53 12:05 ~ Strømsø torg(NSR:Quay:29325) ~ Walk 3m41s ~ Drammen stasjon(NSR:Quay:101598) ~ RAIL R12 12:17 13:17 ~ Oslo lufthavn stasjon(NSR:Quay:451) ~ Walk 3m52s ~ Oslo lufthavn(NSR:Quay:1173) ~ AIRPLANE null 14:15 15:15 ~ Ålesund lufthavn(NSR:Quay:1206) ~ Walk 56s ~ Ålesund lufthavn(NSR:Quay:67000) ~ BUS FB61 16:20 16:30 ~ Valderøya hurtigbåtkai(NSR:Quay:65266) ~ Walk 4m34s
36,4,4h12m18s,22781,1189,12:50:09,17:02:27,Avinor|Brakar|FRAM|Vy|Vy Buss,AIRPLANE|BUS|RAIL,4|R12|Oslo-Ålesund|FB65|3,RB:NSR:Quay:29408|RB:NSR:Quay:29325|RB:NSR:Quay:101598|RB:NSR:Quay:451|RB:NSR:Quay:1173|RB:NSR:Quay:1206|RB:NSR:Quay:67000|RB:NSR:Quay:66556|RB:NSR:Quay:65252,Walk 2m51s ~ Hyttemesterveien(NSR:Quay:29408) ~ BUS 4 12:53 13:05 ~ Strømsø torg(NSR:Quay:29325) ~ Walk 3m41s ~ Drammen stasjon(NSR:Quay:101598) ~ RAIL R12 13:17 14:17 ~ Oslo lufthavn stasjon(NSR:Quay:451) ~ Walk 3m52s ~ Oslo lufthavn(NSR:Quay:1173) ~ AIRPLANE null 15:10 16:10 ~ Ålesund lufthavn(NSR:Quay:1206) ~ Walk 56s ~ Ålesund lufthavn(NSR:Quay:67000) ~ BUS FB65 16:40 16:45 ~ Ytterland(NSR:Quay:66556) ~ BUS 3 16:55 16:57 ~ Valderhaugstrand(NSR:Quay:65252) ~ Walk 5m27s
36,3,4h34m57s,27785,2765,12:50:09,17:25:06,Avinor|Brakar|FRAM|Vy,AIRPLANE|BUS|RAIL,4|R12|Oslo-Ålesund|3,RB:NSR:Quay:29408|RB:NSR:Quay:29325|RB:NSR:Quay:101598|RB:NSR:Quay:451|RB:NSR:Quay:1173|RB:NSR:Quay:1206|RB:NSR:Quay:68279|RB:NSR:Quay:65250,Walk 2m51s ~ Hyttemesterveien(NSR:Quay:29408) ~ BUS 4 12:53 13:05 ~ Strømsø torg(NSR:Quay:29325) ~ Walk 3m41s ~ Drammen stasjon(NSR:Quay:101598) ~ RAIL R12 13:17 14:17 ~ Oslo lufthavn stasjon(NSR:Quay:451) ~ Walk 3m52s ~ Oslo lufthavn(NSR:Quay:1173) ~ AIRPLANE null 15:10 16:10 ~ Ålesund lufthavn(NSR:Quay:1206) ~ Walk 21m48s ~ Margrete(NSR:Quay:68279) ~ BUS 3 17:07 17:20 ~ Valderhaugstrand(NSR:Quay:65250) ~ Walk 5m6s
36,3,4h49m25s,24069,1123,12:50:09,17:39:34,Avinor|Brakar|Vy|Ålesund Turvogn Service,AIRPLANE|BUS|RAIL,4|R12|Oslo-Ålesund|FB61,RB:NSR:Quay:29408|RB:NSR:Quay:29325|RB:NSR:Quay:101598|RB:NSR:Quay:451|RB:NSR:Quay:1173|RB:NSR:Quay:1206|RB:NSR:Quay:67000|RB:NSR:Quay:65266,Walk 2m51s ~ Hyttemesterveien(NSR:Quay:29408) ~ BUS 4 12:53 13:05 ~ Strømsø torg(NSR:Quay:29325) ~ Walk 3m41s ~ Drammen stasjon(NSR:Quay:101598) ~ RAIL R12 13:17 14:17 ~ Oslo lufthavn stasjon(NSR:Quay:451) ~ Walk 3m52s ~ Oslo lufthavn(NSR:Quay:1173) ~ AIRPLANE null 15:10 16:10 ~ Ålesund lufthavn(NSR:Quay:1206) ~ Walk 56s ~ Ålesund lufthavn(NSR:Quay:67000) ~ BUS FB61 17:25 17:35 ~ Valderøya hurtigbåtkai(NSR:Quay:65266) ~ Walk 4m34s
36,5,5h47m59s,33571,2578,12:51:35,18:39:34,Avinor|Brakar|FlexBus|VKT|Ålesund Turvogn Service,AIRPLANE|BUS|COACH,5|FX651|176|Bergen-Sandefjord|Bergen-Ålesund|FB61,RB:NSR:Quay:29495|RB:NSR:Quay:29357|RB:NSR:Quay:30331|RB:NSR:Quay:99936|RB:NSR:Quay:106044|RB:NSR:Quay:30922|RB:NSR:Quay:100310|RB:NSR:Quay:1213|RB:NSR:Quay:1206|RB:NSR:Quay:67000|RB:NSR:Quay:65266,Walk 19m25s ~ Hedensrud(NSR:Quay:29495) ~ BUS 5 13:11 13:15 ~ Mads Wiels plass(NSR:Quay:29357) ~ Walk 8m52s ~ Drammen Bangeløkka(NSR:Quay:30331) ~ COACH FX651 13:38 14:25 ~ Fokserød(NSR:Quay:99936) ~ Walk 19s ~ Fokserød(NSR:Quay:106044) ~ BUS 176 14:30 14:37 ~ Sandefjord lufthavn Torp(NSR:Quay:30922) ~ Walk 46s ~ Sandefjord lufthavn(NSR:Quay:100310) ~ AIRPLANE null 15:20 16:15 ~ Bergen lufthavn(NSR:Quay:1213) ~ AIRPLANE null 17:15 18:05 ~ Ålesund lufthavn(NSR:Quay:1206) ~ Walk 56s ~ Ålesund lufthavn(NSR:Quay:67000) ~ BUS FB61 18:25 18:35 ~ Valderøya hurtigbåtkai(NSR:Quay:65266) ~ Walk 4m34s
40,1,40m30s,5881,712,18:10:05,18:50:35,RUT|Vy,BUS|RAIL,31|L2,RB:NSR:Quay:11036|RB:NSR:Quay:7203|RB:NSR:Quay:556|RB:NSR:Quay:935,Walk 1m55s ~ Carl Berners plass(NSR:Quay:11036) ~ BUS 31 18:12 18:22 ~ Jernbanetorget(NSR:Quay:7203) ~ Walk 5m53s ~ Oslo S(NSR:Quay:556) ~ RAIL L2 18:31 18:47 ~ Kolbotn stasjon(NSR:Quay:935) ~ Walk 3m35s
40,1,40m15s,6190,851,17:55:20,18:35:35,RUT|Vy,RAIL|SUBWAY,5|L2,RB:NSR:Quay:11027|RB:NSR:Quay:7184|RB:NSR:Quay:551|RB:NSR:Quay:935,Walk 3m40s ~ Carl Berners plass(NSR:Quay:11027) ~ SUBWAY 5 17:59 18:05 ~ Jernbanetorget(NSR:Quay:7184) ~ Walk 5m42s ~ Oslo S(NSR:Quay:551) ~ RAIL L2 18:16 18:32 ~ Kolbotn stasjon(NSR:Quay:935) ~ Walk 3m35s
40,1,43m30s,6132,734,17:52:05,18:35:35,RUT|Vy,BUS|RAIL,31|L2,RB:NSR:Quay:11036|RB:NSR:Quay:7203|RB:NSR:Quay:551|RB:NSR:Quay:935,Walk 1m55s ~ Carl Berners plass(NSR:Quay:11036) ~ BUS 31 17:54 18:04 ~ Jernbanetorget(NSR:Quay:7203) ~ Walk 6m2s ~ Oslo S(NSR:Quay:551) ~ RAIL L2 18:16 18:32 ~ Kolbotn stasjon(NSR:Quay:935) ~ Walk 3m35s
40,1,51m22s,5703,390,17:46:05,18:37:27,RUT,BUS,31|83,RB:NSR:Quay:11036|RB:NSR:Quay:7203|RB:NSR:Quay:7224|RB:NSR:Quay:6026,Walk 1m55s ~ Carl Berners plass(NSR:Quay:11036) ~ BUS 31 17:48 17:58 ~ Jernbanetorget(NSR:Quay:7203) ~ Walk 3m59s ~ Jernbanetorget(NSR:Quay:7224) ~ BUS 83 18:06 18:37 ~ Kolbotn torg(NSR:Quay:6026) ~ Walk 27s
40,1,40m30s,5952,734,17:40:05,18:20:35,RUT|Vy,BUS|RAIL,31|L2,RB:NSR:Quay:11036|RB:NSR:Quay:7203|RB:NSR:Quay:551|RB:NSR:Quay:935,Walk 1m55s ~ Carl Berners plass(NSR:Quay:11036) ~ BUS 31 17:42 17:52 ~ Jernbanetorget(NSR:Quay:7203) ~ Walk 6m2s ~ Oslo S(NSR:Quay:551) ~ RAIL L2 18:01 18:17 ~ Kolbotn stasjon(NSR:Quay:935) ~ Walk 3m35s
40,1,54m22s,5883,390,17:28:05,18:22:27,RUT,BUS,31|83,RB:NSR:Quay:11036|RB:NSR:Quay:7203|RB:NSR:Quay:7224|RB:NSR:Quay:6026,Walk 1m55s ~ Carl Berners plass(NSR:Quay:11036) ~ BUS 31 17:30 17:40 ~ Jernbanetorget(NSR:Quay:7203) ~ Walk 3m59s ~ Jernbanetorget(NSR:Quay:7224) ~ BUS 83 17:51 18:22 ~ Kolbotn torg(NSR:Quay:6026) ~ Walk 27s
40,1,40m15s,6190,851,17:25:20,18:05:35,RUT|Vy,RAIL|SUBWAY,5|L2,RB:NSR:Quay:11027|RB:NSR:Quay:7184|RB:NSR:Quay:551|RB:NSR:Quay:935,Walk 3m40s ~ Carl Berners plass(NSR:Quay:11027) ~ SUBWAY 5 17:29 17:35 ~ Jernbanetorget(NSR:Quay:7184) ~ Walk 5m42s ~ Oslo S(NSR:Quay:551) ~ RAIL L2 17:46 18:02 ~ Kolbotn stasjon(NSR:Quay:935) ~ Walk 3m35s
40,1,43m30s,6132,734,17:22:05,18:05:35,RUT|Vy,BUS|RAIL,31|L2,RB:NSR:Quay:11036|RB:NSR:Quay:7203|RB:NSR:Quay:551|RB:NSR:Quay:935,Walk 1m55s ~ Carl Berners plass(NSR:Quay:11036) ~ BUS 31 17:24 17:34 ~ Jernbanetorget(NSR:Quay:7203) ~ Walk 6m2s ~ Oslo S(NSR:Quay:551) ~ RAIL L2 17:46 18:02 ~ Kolbotn stasjon(NSR:Quay:935) ~ Walk 3m35s
40,1,51m22s,5703,390,17:16:05,18:07:27,RUT,BUS,31|83,RB:NSR:Quay:11036|RB:NSR:Quay:7203|RB:NSR:Quay:7224|RB:NSR:Quay:6026,Walk 1m55s ~ Carl Berners plass(NSR:Quay:11036) ~ BUS 31 17:18 17:28 ~ Jernbanetorget(NSR:Quay:7203) ~ Walk 3m59s ~ Jernbanetorget(NSR:Quay:7224) ~ BUS 83 17:36 18:07 ~ Kolbotn torg(NSR:Quay:6026) ~ Walk 27s
40,1,40m30s,5843,696,17:10:05,17:50:35,RUT|Vy,BUS|RAIL,31|L2,RB:NSR:Quay:11036|RB:NSR:Quay:7203|RB:NSR:Quay:567|RB:NSR:Quay:935,Walk 1m55s ~ Carl Berners plass(NSR:Quay:11036) ~ BUS 31 17:12 17:22 ~ Jernbanetorget(NSR:Quay:7203) ~ Walk 5m41s ~ Oslo S(NSR:Quay:567) ~ RAIL L2 17:31 17:47 ~ Kolbotn stasjon(NSR:Quay:935) ~ Walk 3m35s
40,2,54m22s,5754,160,16:58:05,17:52:27,RUT,BUS,31|54|83,RB:NSR:Quay:11036|RB:NSR:Quay:7203|RB:NSR:Quay:7169|RB:NSR:Quay:6026,Walk 1m55s ~ Carl Berners plass(NSR:Quay:11036) ~ BUS 31 17:00 17:10 ~ Jernbanetorget(NSR:Quay:7203) ~ BUS 54 17:14 17:19 ~ Bjørvika(NSR:Quay:7169) ~ BUS 83 17:23 17:52 ~ Kolbotn torg(NSR:Quay:6026) ~ Walk 27s
40,1,40m15s,6190,851,16:55:20,17:35:35,RUT|Vy,RAIL|SUBWAY,5|L2,RB:NSR:Quay:11027|RB:NSR:Quay:7184|RB:NSR:Quay:551|RB:NSR:Quay:935,Walk 3m40s ~ Carl Berners plass(NSR:Quay:11027) ~ SUBWAY 5 16:59 17:05 ~ Jernbanetorget(NSR:Quay:7184) ~ Walk 5m42s ~ Oslo S(NSR:Quay:551) ~ RAIL L2 17:16 17:32 ~ Kolbotn stasjon(NSR:Quay:935) ~ Walk 3m35s
41,1,1h11m,5923,147,15:46:00,16:57:00,Vy,RAIL,L1|RE10,RB:NSR:Quay:695|RB:NSR:Quay:697|RB:NSR:Quay:451,Spikkestad stasjon(NSR:Quay:1136) ~ RAIL L1 15:46 16:03 ~ Asker stasjon(NSR:Quay:695) ~ Walk 2m14s ~ Asker stasjon(NSR:Quay:697) ~ RAIL RE10 16:09 16:57
41,1,1h31m,6682,9,15:16:00,16:47:00,Vy,RAIL,L1|RE11,RB:NSR:Quay:555|RB:NSR:Quay:551|RB:NSR:Quay:451,Spikkestad stasjon(NSR:Quay:1136) ~ RAIL L1 15:16 16:09 ~ Oslo S(NSR:Quay:555) ~ Walk 8s ~ Oslo S(NSR:Quay:551) ~ RAIL RE11 16:24 16:47
41,1,1h26m,6823,147,15:16:00,16:42:00,FLY|Vy,RAIL,L1|FLY1,RB:NSR:Quay:695|RB:NSR:Quay:697|RB:NSR:Quay:447,Spikkestad stasjon(NSR:Quay:1136) ~ RAIL L1 15:16 15:33 ~ Asker stasjon(NSR:Quay:695) ~ Walk 2m14s ~ Asker stasjon(NSR:Quay:697) ~ RAIL FLY1 15:54 16:42
41,2,1h13m,6973,195,15:16:00,16:29:00,FLY|Vy,RAIL,L1|R14|FLY2,RB:NSR:Quay:695|RB:NSR:Quay:700|RB:NSR:Quay:571|RB:NSR:Quay:557|RB:NSR:Quay:447,Spikkestad stasjon(NSR:Quay:1136) ~ RAIL L1 15:16 15:33 ~ Asker stasjon(NSR:Quay:695) ~ Walk 2m14s ~ Asker stasjon(NSR:Quay:700) ~ RAIL R14 15:39 16:01 ~ Oslo S(NSR:Quay:571) ~ Walk 1m20s ~ Oslo S(NSR:Quay:557) ~ RAIL FLY2 16:10 16:29
41,1,1h11m,5923,147,14:46:00,15:57:00,Vy,RAIL,L1|RE10,RB:NSR:Quay:695|RB:NSR:Quay:697|RB:NSR:Quay:451,Spikkestad stasjon(NSR:Quay:1136) ~ RAIL L1 14:46 15:03 ~ Asker stasjon(NSR:Quay:695) ~ Walk 2m14s ~ Asker stasjon(NSR:Quay:697) ~ RAIL RE10 15:09 15:57
41,1,1h16m,6223,147,14:46:00,16:02:00,FLY|Vy,RAIL,L1|FLY1,RB:NSR:Quay:695|RB:NSR:Quay:697|RB:NSR:Quay:447,Spikkestad stasjon(NSR:Quay:1136) ~ RAIL L1 14:46 15:03 ~ Asker stasjon(NSR:Quay:695) ~ Walk 2m14s ~ Asker stasjon(NSR:Quay:697) ~ RAIL FLY1 15:14 16:02
41,1,1h31m,7123,147,14:46:00,16:17:00,Vy,RAIL,L1|R12,RB:NSR:Quay:695|RB:NSR:Quay:697|RB:NSR:Quay:451,Spikkestad stasjon(NSR:Quay:1136) ~ RAIL L1 14:46 15:03 ~ Asker stasjon(NSR:Quay:695) ~ Walk 2m14s ~ Asker stasjon(NSR:Quay:697) ~ RAIL R12 15:29 16:17
